CREATE TABLE [Country]
(
	 [ID] int IDENTITY(1,1) NOT NULL,

	 [Name] nvarchar(20) NOT NULL,

	 CONSTRAINT [PK_Country] PRIMARY KEY ([ID] ASC)
);

CREATE TABLE [City] (
	[ID] int IDENTITY(1,1) NOT NULL,
	[CountryID] int NOT NULL,

	[Name] nvarchar(20) NOT NULL,

	CONSTRAINT [PK_City] PRIMARY KEY ([ID] ASC)
);

CREATE TABLE [Sportman] (
	[ID] int IDENTITY(1,1) NOT NULL,

	[FirstName] nvarchar(20) NOT NULL,
	[LastName] nvarchar(20) NOT NULL,
	[CountryID] int NOT NULL,
	[BirthDate] DATETIME NOT NULL,
	[NumberOfVictories] int NOT NULL,
	CONSTRAINT [PK_Sportman] PRIMARY KEY (
		[ID] ASC
	)
);

CREATE TABLE [Sport] (
	[ID] int IDENTITY(1,1) NOT NULL,

	[Name] varchar(30) NOT NULL,
	[UnitOfMeasurement] varchar(30) NOT NULL,
	[WorldRecord] float NOT NULL,
	[OlympicRecord] float NOT NULL,

	CONSTRAINT [PK_Sport] PRIMARY KEY ([ID] ASC)
);

CREATE TABLE [Competition] (
	[ID] int IDENTITY(1,1) NOT NULL,

	[Name] varchar(30) NOT NULL,
	[CompetitionDate] DATETIME NOT NULL,

	CONSTRAINT [PK_Competition] PRIMARY KEY ([ID] ASC)
);

CREATE TABLE [Result] (
	[ID] int IDENTITY(1,1) NOT NULL,
	[SportID] int NOT NULL,
	[SportmanID] int NOT NULL,

	[PlaceOfSportman] int NOT NULL,
	[ShownResult] float NOT NULL,

	CONSTRAINT [PK_Result] PRIMARY KEY (
		[ID] ASC
	),
);

CREATE TABLE [CompetitionResult] (
	[CompetitionID] int NOT NULL,
	[ResultID] int NOT NULL,

	CONSTRAINT [PK_CompetitionResult] PRIMARY KEY (
		[CompetitionID] ASC,
		[ResultID] ASC
	)
);

CREATE TABLE [CompetitionCity] (
	[CompetitionID] int NOT NULL,
	[CityId] int NOT NULL,

	CONSTRAINT [PK_CompetitionCity] PRIMARY KEY (
		[CompetitionID] ASC,
		[CityId] ASC
	)
);


CREATE UNIQUE INDEX [IX_Country] ON [Country]
(
	[Name] ASC
);

CREATE UNIQUE INDEX [IX_Sport] ON [Sport]
(
	[Name] ASC
);

CREATE UNIQUE INDEX [IX_CompetitionResult] ON [Competition]
(
	[Name] ASC
);

ALTER TABLE [City]
	ADD CONSTRAINT [FK_City_CountryID] FOREIGN KEY ([CountryID])
		REFERENCES Country([ID])

ALTER TABLE [Sportman]
	ADD CONSTRAINT [FK_Sportman_Birthday]
		CHECK (YEAR(getdate()) - YEAR([BirthDate]) >= 14);

ALTER TABLE [Sportman]
	ADD CONSTRAINT [FK_Sportman_NumberOfVictories]
		CHECK ([NumberOfVictories] >= 0);

ALTER TABLE [Sport]
	ADD CONSTRAINT [FK_Sport_Records]
		CHECK ([WorldRecord] >= [OlympicRecord]);

ALTER TABLE [Competition]
	ADD CONSTRAINT [FK_Competition_CompetitionDate]
		CHECK (YEAR([CompetitionDate]) >= 1900 AND YEAR([CompetitionDate]) <= YEAR(getdate()));

ALTER TABLE [Result]
	ADD CONSTRAINT [FK_Result_SportID] FOREIGN KEY ([SportID])
		REFERENCES [Sport]([ID]);

ALTER TABLE [Result]
	ADD CONSTRAINT [FK_Result_SportmanID] FOREIGN KEY ([SportmanID])
		REFERENCES [Sportman]([ID]);

ALTER TABLE [Result]
	ADD CONSTRAINT [FK_Result_PlaceOfSportman]
		CHECK ([PlaceOfSportman] >= 1);

ALTER TABLE [CompetitionResult]
	ADD CONSTRAINT [FK_CompetitionResult_CompetitionID] FOREIGN KEY ([CompetitionID])
		REFERENCES [Competition]([ID]);

ALTER TABLE [CompetitionResult]
	ADD CONSTRAINT [FK_CompetitionResult_ResultID] FOREIGN KEY ([ResultID])
		REFERENCES [Result]([ID]);

ALTER TABLE [CompetitionCity]
	ADD CONSTRAINT [FK_CompetitionCity_CompetitionID] FOREIGN KEY ([CompetitionID])
		REFERENCES [Competition]([ID]);

ALTER TABLE [CompetitionCity]
	ADD CONSTRAINT [FK_CompetitionCity_CityID] FOREIGN KEY ([CityID])
		REFERENCES [City]([ID]);


SET IDENTITY_INSERT [Country] ON
	INSERT [Country] ([ID], [Name]) VALUES (1, 'Germany')
	INSERT [Country] ([ID], [Name]) VALUES (2, 'Great Britain')
	INSERT [Country] ([ID], [Name]) VALUES (3, 'USA')
	INSERT [Country] ([ID], [Name]) VALUES (4, 'Russia')
	INSERT [Country] ([ID], [Name]) VALUES (5, 'Canada')
	INSERT [Country] ([ID], [Name]) VALUES (6, 'Finland')
	INSERT [Country] ([ID], [Name]) VALUES (7, 'Sweden')
	INSERT [Country] ([ID], [Name]) VALUES (8, 'Japan')
	INSERT [Country] ([ID], [Name]) VALUES (9, 'Korea')
	INSERT [Country] ([ID], [Name]) VALUES (10, 'Ukraine')
	INSERT [Country] ([ID], [Name]) VALUES (11, 'Switzerland')
	INSERT [Country] ([ID], [Name]) VALUES (12, 'France')
	INSERT [Country] ([ID], [Name]) VALUES (13, 'Italy')
	INSERT [Country] ([ID], [Name]) VALUES (14, 'Poland')
	INSERT [Country] ([ID], [Name]) VALUES (15, 'Greece')
	INSERT [Country] ([ID], [Name]) VALUES (16, 'Turkey')
	INSERT [Country] ([ID], [Name]) VALUES (17, 'Estonia')
	INSERT [Country] ([ID], [Name]) VALUES (18, 'Latvia')
	INSERT [Country] ([ID], [Name]) VALUES (19, 'Romania')
	INSERT [Country] ([ID], [Name]) VALUES (20, 'Brazil')
SET IDENTITY_INSERT [Country] OFF

SET IDENTITY_INSERT [City] ON
	INSERT [City] ([ID], [CountryID], [Name]) VALUES (1, 1, 'Berlin')
	INSERT [City] ([ID], [CountryID], [Name]) VALUES (2, 2, 'London')
	INSERT [City] ([ID], [CountryID], [Name]) VALUES (3, 3, 'New York')
	INSERT [City] ([ID], [CountryID], [Name]) VALUES (4, 3, 'Washington')
	INSERT [City] ([ID], [CountryID], [Name]) VALUES (5, 3, 'San-Francisco')
	INSERT [City] ([ID], [CountryID], [Name]) VALUES (6, 4, 'Moscow')
	INSERT [City] ([ID], [CountryID], [Name]) VALUES (7, 4, 'St. Petersburg')
	INSERT [City] ([ID], [CountryID], [Name]) VALUES (8, 5, 'Vancouver')
	INSERT [City] ([ID], [CountryID], [Name]) VALUES (9, 6, 'Helsinki')
	INSERT [City] ([ID], [CountryID], [Name]) VALUES (10, 7, 'Stockholm')
	INSERT [City] ([ID], [CountryID], [Name]) VALUES (11, 8, 'Tokio')
	INSERT [City] ([ID], [CountryID], [Name]) VALUES (12, 9, 'Seoul')
	INSERT [City] ([ID], [CountryID], [Name]) VALUES (13, 10, 'Kiev')
	INSERT [City] ([ID], [CountryID], [Name]) VALUES (14, 20, 'Brasilia')
	INSERT [City] ([ID], [CountryID], [Name]) VALUES (15, 11, 'Bern')
	INSERT [City] ([ID], [CountryID], [Name]) VALUES (16, 12, 'Paris')
	INSERT [City] ([ID], [CountryID], [Name]) VALUES (17, 13, 'Rome')
	INSERT [City] ([ID], [CountryID], [Name]) VALUES (18, 14, 'Warsaw')
	INSERT [City] ([ID], [CountryID], [Name]) VALUES (19, 15, 'Athens')
	INSERT [City] ([ID], [CountryID], [Name]) VALUES (20, 16, 'Ankara')
	INSERT [City] ([ID], [CountryID], [Name]) VALUES (21, 4, 'Vasyuki')
	INSERT [City] ([ID], [CountryID], [Name]) VALUES (22, 4, 'Sochi')
	INSERT [City] ([ID], [CountryID], [Name]) VALUES (23, 13, 'Turin')
	INSERT [City] ([ID], [CountryID], [Name]) VALUES (24, 9, 'Pekin')
	INSERT [City] ([ID], [CountryID], [Name]) VALUES (25, 11, 'Sydney')
	INSERT [City] ([ID], [CountryID], [Name]) VALUES (26, 3, 'Salt Lake City')
	INSERT [City] ([ID], [CountryID], [Name]) VALUES (27, 3, 'Васюки')
SET IDENTITY_INSERT [City] OFF

SET IDENTITY_INSERT [Sportman] ON
	INSERT [Sportman] ([ID], [FirstName], [LastName], [BirthDate], [CountryID], [NumberOfVictories]) VALUES (1, 'John', 'Smith', convert(datetime, '1989-02-24', 102), 5, 7)
	INSERT [Sportman] ([ID], [FirstName], [LastName], [BirthDate], [CountryID], [NumberOfVictories]) VALUES (2, 'Mike', 'Jonhson', convert(datetime, '1985-03-14', 102), 4, 10)
	INSERT [Sportman] ([ID], [FirstName], [LastName], [BirthDate], [CountryID], [NumberOfVictories]) VALUES (3, 'Alice', 'Robertson', convert(datetime, '1987-01-26', 102), 17, 4)
	INSERT [Sportman] ([ID], [FirstName], [LastName], [BirthDate], [CountryID], [NumberOfVictories]) VALUES (4, 'Mary', 'Richards', convert(datetime, '1999-06-11', 102), 14, 6)
	INSERT [Sportman] ([ID], [FirstName], [LastName], [BirthDate], [CountryID], [NumberOfVictories]) VALUES (5, 'Jack', 'Dare', convert(datetime, '2000-11-24', 102), 5, 0)
	INSERT [Sportman] ([ID], [FirstName], [LastName], [BirthDate], [CountryID], [NumberOfVictories]) VALUES (6, 'Tommy', 'Anderson', convert(datetime, '1997-03-12', 102), 3, 2)
	INSERT [Sportman] ([ID], [FirstName], [LastName], [BirthDate], [CountryID], [NumberOfVictories]) VALUES (7, 'Николай', 'Карасев', convert(datetime, '1998-08-06', 102), 9, 6)
	INSERT [Sportman] ([ID], [FirstName], [LastName], [BirthDate], [CountryID], [NumberOfVictories]) VALUES (8, 'Rick', 'Jackson', convert(datetime, '1995-07-07', 102), 17, 5)
	INSERT [Sportman] ([ID], [FirstName], [LastName], [BirthDate], [CountryID], [NumberOfVictories]) VALUES (9, 'Joanna', 'Rosenberg', convert(datetime, '1993-06-12', 102), 1, 12)
	INSERT [Sportman] ([ID], [FirstName], [LastName], [BirthDate], [CountryID], [NumberOfVictories]) VALUES (10, 'Jill', 'Jordan', convert(datetime, '1996-05-25', 102), 5, 5)
	INSERT [Sportman] ([ID], [FirstName], [LastName], [BirthDate], [CountryID], [NumberOfVictories]) VALUES (11, 'Ivan', 'Petrov', convert(datetime, '1997-04-30', 102), 15, 7)
	INSERT [Sportman] ([ID], [FirstName], [LastName], [BirthDate], [CountryID], [NumberOfVictories]) VALUES (12, 'Sergey', 'Ivanov', convert(datetime, '1992-02-11', 102), 2, 4)
	INSERT [Sportman] ([ID], [FirstName], [LastName], [BirthDate], [CountryID], [NumberOfVictories]) VALUES (13, 'Petr', 'Sidorov', convert(datetime, '1983-01-21', 102), 7, 3)
	INSERT [Sportman] ([ID], [FirstName], [LastName], [BirthDate], [CountryID], [NumberOfVictories]) VALUES (14, 'Anna', 'Ivanova', convert(datetime, '1984-07-02', 102), 10, 8)
	INSERT [Sportman] ([ID], [FirstName], [LastName], [BirthDate], [CountryID], [NumberOfVictories]) VALUES (15, 'Katerina', 'Petrova', convert(datetime, '1986-12-04', 102), 17, 9)
	INSERT [Sportman] ([ID], [FirstName], [LastName], [BirthDate], [CountryID], [NumberOfVictories]) VALUES (16, 'Danila', 'Travin', convert(datetime, '1997-11-17', 102), 19, 6)
	INSERT [Sportman] ([ID], [FirstName], [LastName], [BirthDate], [CountryID], [NumberOfVictories]) VALUES (17, 'Mikhail', 'Gorikov', convert(datetime, '1982-06-29', 102), 20, 1)
	INSERT [Sportman] ([ID], [FirstName], [LastName], [BirthDate], [CountryID], [NumberOfVictories]) VALUES (18, 'Vasiliy', 'Kozlov', convert(datetime, '1982-07-23', 102), 12, 8)
	INSERT [Sportman] ([ID], [FirstName], [LastName], [BirthDate], [CountryID], [NumberOfVictories]) VALUES (19, 'Vladimir', 'Bogachov', convert(datetime, '1996-12-22', 102), 4, 6)
	INSERT [Sportman] ([ID], [FirstName], [LastName], [BirthDate], [CountryID], [NumberOfVictories]) VALUES (20, 'Nikita', 'Smith', convert(datetime, '1980-10-22', 102), 13, 1)
SET IDENTITY_INSERT [Sportman] OFF

SET IDENTITY_INSERT [Sport] ON
	INSERT [Sport] ([ID], [Name], [UnitOfMeasurement], [WorldRecord], [OlympicRecord]) VALUES (1, 'Archery (72 arrows)', 'Score', 46, 44)
	INSERT [Sport] ([ID], [Name], [UnitOfMeasurement], [WorldRecord], [OlympicRecord]) VALUES (2, 'Archery (36 arrows)', 'Score', 45, 44)
	INSERT [Sport] ([ID], [Name], [UnitOfMeasurement], [WorldRecord], [OlympicRecord]) VALUES (3, 'Athletics (200 metres)', 'Second', 32, 11)
	INSERT [Sport] ([ID], [Name], [UnitOfMeasurement], [WorldRecord], [OlympicRecord]) VALUES (4, 'Athletics (800 metres)', 'Second', 22, 21)
	INSERT [Sport] ([ID], [Name], [UnitOfMeasurement], [WorldRecord], [OlympicRecord]) VALUES (5, 'Swimming (50 metres)', 'Second', 44, 33)
	INSERT [Sport] ([ID], [Name], [UnitOfMeasurement], [WorldRecord], [OlympicRecord]) VALUES (6, 'Swimming (400 metres)', 'Second', 50, 46)
	INSERT [Sport] ([ID], [Name], [UnitOfMeasurement], [WorldRecord], [OlympicRecord]) VALUES (7, 'Weightlifting (Snatch)', 'Kilogram', 10, 9)
	INSERT [Sport] ([ID], [Name], [UnitOfMeasurement], [WorldRecord], [OlympicRecord]) VALUES (8, 'Weightlifting (Clean & Jerk)', 'Kilogram', 56, 46)
	INSERT [Sport] ([ID], [Name], [UnitOfMeasurement], [WorldRecord], [OlympicRecord]) VALUES (9, 'Chessmate', 'Victories', 35, 25)
	INSERT [Sport] ([ID], [Name], [UnitOfMeasurement], [WorldRecord], [OlympicRecord]) VALUES (10, 'Speed skating (500 metres)', 'Second', 40, 30)
	INSERT [Sport] ([ID], [Name], [UnitOfMeasurement], [WorldRecord], [OlympicRecord]) VALUES (11, 'Speed skating (1000 metres)', 'Second', 45, 45)
	INSERT [Sport] ([ID], [Name], [UnitOfMeasurement], [WorldRecord], [OlympicRecord]) VALUES (12, 'Cycling (200 metres)', 'Second', 10, 9)
	INSERT [Sport] ([ID], [Name], [UnitOfMeasurement], [WorldRecord], [OlympicRecord]) VALUES (13, 'Cycling (1000 metres)', 'Second', 13, 8)
	INSERT [Sport] ([ID], [Name], [UnitOfMeasurement], [WorldRecord], [OlympicRecord]) VALUES (14, 'Shooting (50m pistol)', 'Score', 20, 15)
	INSERT [Sport] ([ID], [Name], [UnitOfMeasurement], [WorldRecord], [OlympicRecord]) VALUES (15, 'Shooting (50m rifle)', 'Score', 11, 10)
SET IDENTITY_INSERT [Sport] OFF

SET IDENTITY_INSERT [Competition] ON
	INSERT [Competition] ([ID], [Name], [CompetitionDate]) VALUES (1, '2014 Winter Olympics', convert(datetime, '2014-02-07', 102)) /*Сочи, Рашка*/
	INSERT [Competition] ([ID], [Name], [CompetitionDate]) VALUES (2, '2010 Winter Olympics', convert(datetime, '2010-02-12', 102)) /*Ванкувер, Канада*/
	INSERT [Competition] ([ID], [Name], [CompetitionDate]) VALUES (3, '2006 Winter Olympics', convert(datetime, '2006-02-10', 102)) /*Турин, Италия*/
	INSERT [Competition] ([ID], [Name], [CompetitionDate]) VALUES (4, '2002 Winter Olympics', convert(datetime, '2002-02-07', 102)) /*Salt Lake City, США*/
	INSERT [Competition] ([ID], [Name], [CompetitionDate]) VALUES (5, '2012 Summer Olympics', convert(datetime, '2012-07-27', 102)) /*Лондон, Англия*/
	INSERT [Competition] ([ID], [Name], [CompetitionDate]) VALUES (6, '2008 Summer Olympics', convert(datetime, '2008-08-08', 102)) /*Пекин, Китай*/
	INSERT [Competition] ([ID], [Name], [CompetitionDate]) VALUES (7, '2004 Summer Olympics', convert(datetime, '2004-08-13', 102)) /*Афины, Греция*/
	INSERT [Competition] ([ID], [Name], [CompetitionDate]) VALUES (8, '2000 Summer Olympics', convert(datetime, '2000-09-15', 102)) /*Сидней, Австралия*/
	INSERT [Competition] ([ID], [Name], [CompetitionDate]) VALUES (9, 'Can you beat it?', convert(datetime, '2009-03-15', 102))
	INSERT [Competition] ([ID], [Name], [CompetitionDate]) VALUES (10, 'World Cup 2004', convert(datetime, '2004-09-15', 102))
	INSERT [Competition] ([ID], [Name], [CompetitionDate]) VALUES (11, 'World Cup 2005', convert(datetime, '2000-03-11', 102))
	INSERT [Competition] ([ID], [Name], [CompetitionDate]) VALUES (12, 'Champions 1999', convert(datetime, '1999-05-09', 102))
	INSERT [Competition] ([ID], [Name], [CompetitionDate]) VALUES (13, 'Champions 2009', convert(datetime, '2009-01-09', 102))
	INSERT [Competition] ([ID], [Name], [CompetitionDate]) VALUES (14, 'AMAZING PARTY', convert(datetime, '2000-01-09', 102))
	INSERT [Competition] ([ID], [Name], [CompetitionDate]) VALUES (15, 'Открытый чемпионат', convert(datetime, '2000-01-05', 102))
SET IDENTITY_INSERT [Competition] OFF


SET IDENTITY_INSERT [Result] ON
	INSERT [Result] ([ID], [SportID], [SportmanID], [PlaceOfSportman], [ShownResult]) VALUES (1,11,4,2,5)
	INSERT [Result] ([ID], [SportID], [SportmanID], [PlaceOfSportman], [ShownResult]) VALUES (2,8,7,12,10)
	INSERT [Result] ([ID], [SportID], [SportmanID], [PlaceOfSportman], [ShownResult]) VALUES (3,14,12,8,40)
	INSERT [Result] ([ID], [SportID], [SportmanID], [PlaceOfSportman], [ShownResult]) VALUES (4,15,3,20,41)
	INSERT [Result] ([ID], [SportID], [SportmanID], [PlaceOfSportman], [ShownResult]) VALUES (5,6,9,16,21)
	INSERT [Result] ([ID], [SportID], [SportmanID], [PlaceOfSportman], [ShownResult]) VALUES (6,15,16,11,22)
	INSERT [Result] ([ID], [SportID], [SportmanID], [PlaceOfSportman], [ShownResult]) VALUES (7,13,19,8,34)
	INSERT [Result] ([ID], [SportID], [SportmanID], [PlaceOfSportman], [ShownResult]) VALUES (8,6,3,7,18)
	INSERT [Result] ([ID], [SportID], [SportmanID], [PlaceOfSportman], [ShownResult]) VALUES (9,2,15,1,48)
	INSERT [Result] ([ID], [SportID], [SportmanID], [PlaceOfSportman], [ShownResult]) VALUES (10,7,2,12,16)
	INSERT [Result] ([ID], [SportID], [SportmanID], [PlaceOfSportman], [ShownResult]) VALUES (11,5,8,18,7)
	INSERT [Result] ([ID], [SportID], [SportmanID], [PlaceOfSportman], [ShownResult]) VALUES (12,5,14,7,31)
	INSERT [Result] ([ID], [SportID], [SportmanID], [PlaceOfSportman], [ShownResult]) VALUES (13,6,17,13,44)
	INSERT [Result] ([ID], [SportID], [SportmanID], [PlaceOfSportman], [ShownResult]) VALUES (14,6,7,4,26)
	INSERT [Result] ([ID], [SportID], [SportmanID], [PlaceOfSportman], [ShownResult]) VALUES (15,5,16,3,25)
	INSERT [Result] ([ID], [SportID], [SportmanID], [PlaceOfSportman], [ShownResult]) VALUES (16,6,16,1,37)
	INSERT [Result] ([ID], [SportID], [SportmanID], [PlaceOfSportman], [ShownResult]) VALUES (17,15,2,7,31)
	INSERT [Result] ([ID], [SportID], [SportmanID], [PlaceOfSportman], [ShownResult]) VALUES (18,15,12,12,16)
	INSERT [Result] ([ID], [SportID], [SportmanID], [PlaceOfSportman], [ShownResult]) VALUES (19,13,16,18,5)
	INSERT [Result] ([ID], [SportID], [SportmanID], [PlaceOfSportman], [ShownResult]) VALUES (20,8,3,5,13)
	INSERT [Result] ([ID], [SportID], [SportmanID], [PlaceOfSportman], [ShownResult]) VALUES (21,4,11,14,32)
	INSERT [Result] ([ID], [SportID], [SportmanID], [PlaceOfSportman], [ShownResult]) VALUES (22,10,3,10,18)
	INSERT [Result] ([ID], [SportID], [SportmanID], [PlaceOfSportman], [ShownResult]) VALUES (23,3,13,11,34)
	INSERT [Result] ([ID], [SportID], [SportmanID], [PlaceOfSportman], [ShownResult]) VALUES (24,12,15,13,40)
	INSERT [Result] ([ID], [SportID], [SportmanID], [PlaceOfSportman], [ShownResult]) VALUES (25,6,3,8,49)
	INSERT [Result] ([ID], [SportID], [SportmanID], [PlaceOfSportman], [ShownResult]) VALUES (26,11,15,2,15)
	INSERT [Result] ([ID], [SportID], [SportmanID], [PlaceOfSportman], [ShownResult]) VALUES (27,9,17,4,9)
	INSERT [Result] ([ID], [SportID], [SportmanID], [PlaceOfSportman], [ShownResult]) VALUES (28,13,10,18,24)
	INSERT [Result] ([ID], [SportID], [SportmanID], [PlaceOfSportman], [ShownResult]) VALUES (29,4,17,14,40)
	INSERT [Result] ([ID], [SportID], [SportmanID], [PlaceOfSportman], [ShownResult]) VALUES (30,1,10,9,11)
	INSERT [Result] ([ID], [SportID], [SportmanID], [PlaceOfSportman], [ShownResult]) VALUES (31,2,3,4,46)
	INSERT [Result] ([ID], [SportID], [SportmanID], [PlaceOfSportman], [ShownResult]) VALUES (32,9,16,20,36)
	INSERT [Result] ([ID], [SportID], [SportmanID], [PlaceOfSportman], [ShownResult]) VALUES (33,5,6,1,38)
	INSERT [Result] ([ID], [SportID], [SportmanID], [PlaceOfSportman], [ShownResult]) VALUES (34,5,5,20,32)
	INSERT [Result] ([ID], [SportID], [SportmanID], [PlaceOfSportman], [ShownResult]) VALUES (35,3,14,19,16)
	INSERT [Result] ([ID], [SportID], [SportmanID], [PlaceOfSportman], [ShownResult]) VALUES (36,1,2,17,40)
	INSERT [Result] ([ID], [SportID], [SportmanID], [PlaceOfSportman], [ShownResult]) VALUES (37,12,9,14,24)
	INSERT [Result] ([ID], [SportID], [SportmanID], [PlaceOfSportman], [ShownResult]) VALUES (38,7,13,8,50)
	INSERT [Result] ([ID], [SportID], [SportmanID], [PlaceOfSportman], [ShownResult]) VALUES (39,13,3,11,12)
	INSERT [Result] ([ID], [SportID], [SportmanID], [PlaceOfSportman], [ShownResult]) VALUES (40,3,14,10,48)
	INSERT [Result] ([ID], [SportID], [SportmanID], [PlaceOfSportman], [ShownResult]) VALUES (41,1,1,2,38)
	INSERT [Result] ([ID], [SportID], [SportmanID], [PlaceOfSportman], [ShownResult]) VALUES (42,7,19,2,15)
	INSERT [Result] ([ID], [SportID], [SportmanID], [PlaceOfSportman], [ShownResult]) VALUES (43,13,9,16,20)
	INSERT [Result] ([ID], [SportID], [SportmanID], [PlaceOfSportman], [ShownResult]) VALUES (44,11,20,3,27)
	INSERT [Result] ([ID], [SportID], [SportmanID], [PlaceOfSportman], [ShownResult]) VALUES (45,6,16,2,45)
	INSERT [Result] ([ID], [SportID], [SportmanID], [PlaceOfSportman], [ShownResult]) VALUES (46,7,20,15,14)
	INSERT [Result] ([ID], [SportID], [SportmanID], [PlaceOfSportman], [ShownResult]) VALUES (47,4,15,20,13)
	INSERT [Result] ([ID], [SportID], [SportmanID], [PlaceOfSportman], [ShownResult]) VALUES (48,6,14,18,12)
	INSERT [Result] ([ID], [SportID], [SportmanID], [PlaceOfSportman], [ShownResult]) VALUES (49,15,18,10,22)
	INSERT [Result] ([ID], [SportID], [SportmanID], [PlaceOfSportman], [ShownResult]) VALUES (50,5,13,9,50)
	INSERT [Result] ([ID], [SportID], [SportmanID], [PlaceOfSportman], [ShownResult]) VALUES (51,3,12,10,25)
	INSERT [Result] ([ID], [SportID], [SportmanID], [PlaceOfSportman], [ShownResult]) VALUES (52,13,8,7,13)
	INSERT [Result] ([ID], [SportID], [SportmanID], [PlaceOfSportman], [ShownResult]) VALUES (53,5,6,9,32)
	INSERT [Result] ([ID], [SportID], [SportmanID], [PlaceOfSportman], [ShownResult]) VALUES (54,1,19,8,14)
	INSERT [Result] ([ID], [SportID], [SportmanID], [PlaceOfSportman], [ShownResult]) VALUES (55,14,3,10,5)
	INSERT [Result] ([ID], [SportID], [SportmanID], [PlaceOfSportman], [ShownResult]) VALUES (56,6,4,9,19)
	INSERT [Result] ([ID], [SportID], [SportmanID], [PlaceOfSportman], [ShownResult]) VALUES (57,7,7,2,17)
	INSERT [Result] ([ID], [SportID], [SportmanID], [PlaceOfSportman], [ShownResult]) VALUES (58,13,7,5,14)
	INSERT [Result] ([ID], [SportID], [SportmanID], [PlaceOfSportman], [ShownResult]) VALUES (59,4,9,10,14)
	INSERT [Result] ([ID], [SportID], [SportmanID], [PlaceOfSportman], [ShownResult]) VALUES (60,5,14,10,13)
	INSERT [Result] ([ID], [SportID], [SportmanID], [PlaceOfSportman], [ShownResult]) VALUES (61,11,6,3,21)
	INSERT [Result] ([ID], [SportID], [SportmanID], [PlaceOfSportman], [ShownResult]) VALUES (62,10,5,20,40)
	INSERT [Result] ([ID], [SportID], [SportmanID], [PlaceOfSportman], [ShownResult]) VALUES (63,14,5,17,30)
	INSERT [Result] ([ID], [SportID], [SportmanID], [PlaceOfSportman], [ShownResult]) VALUES (64,11,16,18,8)
	INSERT [Result] ([ID], [SportID], [SportmanID], [PlaceOfSportman], [ShownResult]) VALUES (65,4,6,5,32)
	INSERT [Result] ([ID], [SportID], [SportmanID], [PlaceOfSportman], [ShownResult]) VALUES (66,13,4,5,13)
	INSERT [Result] ([ID], [SportID], [SportmanID], [PlaceOfSportman], [ShownResult]) VALUES (67,11,10,8,10)
	INSERT [Result] ([ID], [SportID], [SportmanID], [PlaceOfSportman], [ShownResult]) VALUES (68,14,10,8,45)
	INSERT [Result] ([ID], [SportID], [SportmanID], [PlaceOfSportman], [ShownResult]) VALUES (69,3,2,17,23)
	INSERT [Result] ([ID], [SportID], [SportmanID], [PlaceOfSportman], [ShownResult]) VALUES (70,2,8,18,10)
	INSERT [Result] ([ID], [SportID], [SportmanID], [PlaceOfSportman], [ShownResult]) VALUES (71,1,15,19,17)
	INSERT [Result] ([ID], [SportID], [SportmanID], [PlaceOfSportman], [ShownResult]) VALUES (72,7,9,5,29)
	INSERT [Result] ([ID], [SportID], [SportmanID], [PlaceOfSportman], [ShownResult]) VALUES (73,10,20,16,38)
	INSERT [Result] ([ID], [SportID], [SportmanID], [PlaceOfSportman], [ShownResult]) VALUES (74,2,17,1,33)
	INSERT [Result] ([ID], [SportID], [SportmanID], [PlaceOfSportman], [ShownResult]) VALUES (75,1,7,15,18)
	INSERT [Result] ([ID], [SportID], [SportmanID], [PlaceOfSportman], [ShownResult]) VALUES (76,4,7,12,21)
	INSERT [Result] ([ID], [SportID], [SportmanID], [PlaceOfSportman], [ShownResult]) VALUES (77,5,16,15,31)
	INSERT [Result] ([ID], [SportID], [SportmanID], [PlaceOfSportman], [ShownResult]) VALUES (78,9,2,4,43)
	INSERT [Result] ([ID], [SportID], [SportmanID], [PlaceOfSportman], [ShownResult]) VALUES (79,14,11,9,27)
	INSERT [Result] ([ID], [SportID], [SportmanID], [PlaceOfSportman], [ShownResult]) VALUES (80,12,1,16,42)
	INSERT [Result] ([ID], [SportID], [SportmanID], [PlaceOfSportman], [ShownResult]) VALUES (81,8,4,19,17)
	INSERT [Result] ([ID], [SportID], [SportmanID], [PlaceOfSportman], [ShownResult]) VALUES (82,13,10,10,34)
	INSERT [Result] ([ID], [SportID], [SportmanID], [PlaceOfSportman], [ShownResult]) VALUES (83,11,10,15,48)
	INSERT [Result] ([ID], [SportID], [SportmanID], [PlaceOfSportman], [ShownResult]) VALUES (84,14,19,14,42)
	INSERT [Result] ([ID], [SportID], [SportmanID], [PlaceOfSportman], [ShownResult]) VALUES (85,12,13,16,15)
	INSERT [Result] ([ID], [SportID], [SportmanID], [PlaceOfSportman], [ShownResult]) VALUES (86,10,20,10,44)
	INSERT [Result] ([ID], [SportID], [SportmanID], [PlaceOfSportman], [ShownResult]) VALUES (87,14,15,14,10)
	INSERT [Result] ([ID], [SportID], [SportmanID], [PlaceOfSportman], [ShownResult]) VALUES (88,9,6,1,10)
	INSERT [Result] ([ID], [SportID], [SportmanID], [PlaceOfSportman], [ShownResult]) VALUES (89,14,16,17,21)
	INSERT [Result] ([ID], [SportID], [SportmanID], [PlaceOfSportman], [ShownResult]) VALUES (90,7,3,12,23)
	INSERT [Result] ([ID], [SportID], [SportmanID], [PlaceOfSportman], [ShownResult]) VALUES (91,6,13,10,18)
	INSERT [Result] ([ID], [SportID], [SportmanID], [PlaceOfSportman], [ShownResult]) VALUES (92,6,16,16,9)
	INSERT [Result] ([ID], [SportID], [SportmanID], [PlaceOfSportman], [ShownResult]) VALUES (93,1,13,13,5)
	INSERT [Result] ([ID], [SportID], [SportmanID], [PlaceOfSportman], [ShownResult]) VALUES (94,13,18,13,29)
	INSERT [Result] ([ID], [SportID], [SportmanID], [PlaceOfSportman], [ShownResult]) VALUES (95,7,15,4,17)
	INSERT [Result] ([ID], [SportID], [SportmanID], [PlaceOfSportman], [ShownResult]) VALUES (96,15,13,20,50)
	INSERT [Result] ([ID], [SportID], [SportmanID], [PlaceOfSportman], [ShownResult]) VALUES (97,9,10,6,9)
	INSERT [Result] ([ID], [SportID], [SportmanID], [PlaceOfSportman], [ShownResult]) VALUES (98,6,4,11,25)
	INSERT [Result] ([ID], [SportID], [SportmanID], [PlaceOfSportman], [ShownResult]) VALUES (99,6,10,1,8)
	INSERT [Result] ([ID], [SportID], [SportmanID], [PlaceOfSportman], [ShownResult]) VALUES (100,6,11,7,10)
	INSERT [Result] ([ID], [SportID], [SportmanID], [PlaceOfSportman], [ShownResult]) VALUES (101,8,16,17,23)
	INSERT [Result] ([ID], [SportID], [SportmanID], [PlaceOfSportman], [ShownResult]) VALUES (102,1,15,17,33)
	INSERT [Result] ([ID], [SportID], [SportmanID], [PlaceOfSportman], [ShownResult]) VALUES (103,11,1,3,33)
	INSERT [Result] ([ID], [SportID], [SportmanID], [PlaceOfSportman], [ShownResult]) VALUES (104,14,2,2,39)
	INSERT [Result] ([ID], [SportID], [SportmanID], [PlaceOfSportman], [ShownResult]) VALUES (105,13,15,3,6)
	INSERT [Result] ([ID], [SportID], [SportmanID], [PlaceOfSportman], [ShownResult]) VALUES (106,8,5,14,34)
	INSERT [Result] ([ID], [SportID], [SportmanID], [PlaceOfSportman], [ShownResult]) VALUES (107,3,7,3,28)
	INSERT [Result] ([ID], [SportID], [SportmanID], [PlaceOfSportman], [ShownResult]) VALUES (108,12,15,14,46)
	INSERT [Result] ([ID], [SportID], [SportmanID], [PlaceOfSportman], [ShownResult]) VALUES (109,8,1,5,8)
	INSERT [Result] ([ID], [SportID], [SportmanID], [PlaceOfSportman], [ShownResult]) VALUES (110,6,1,17,45)
	INSERT [Result] ([ID], [SportID], [SportmanID], [PlaceOfSportman], [ShownResult]) VALUES (111,14,16,20,36)
	INSERT [Result] ([ID], [SportID], [SportmanID], [PlaceOfSportman], [ShownResult]) VALUES (112,7,16,7,22)
	INSERT [Result] ([ID], [SportID], [SportmanID], [PlaceOfSportman], [ShownResult]) VALUES (113,10,7,16,34)
	INSERT [Result] ([ID], [SportID], [SportmanID], [PlaceOfSportman], [ShownResult]) VALUES (114,1,1,1,22)
	INSERT [Result] ([ID], [SportID], [SportmanID], [PlaceOfSportman], [ShownResult]) VALUES (115,4,5,10,26)
	INSERT [Result] ([ID], [SportID], [SportmanID], [PlaceOfSportman], [ShownResult]) VALUES (116,2,6,10,10)
	INSERT [Result] ([ID], [SportID], [SportmanID], [PlaceOfSportman], [ShownResult]) VALUES (117,4,18,9,34)
	INSERT [Result] ([ID], [SportID], [SportmanID], [PlaceOfSportman], [ShownResult]) VALUES (118,2,6,18,27)
	INSERT [Result] ([ID], [SportID], [SportmanID], [PlaceOfSportman], [ShownResult]) VALUES (119,1,19,11,17)
	INSERT [Result] ([ID], [SportID], [SportmanID], [PlaceOfSportman], [ShownResult]) VALUES (120,5,9,10,17)
	INSERT [Result] ([ID], [SportID], [SportmanID], [PlaceOfSportman], [ShownResult]) VALUES (121,4,14,8,20)
	INSERT [Result] ([ID], [SportID], [SportmanID], [PlaceOfSportman], [ShownResult]) VALUES (122,15,13,1,35)
	INSERT [Result] ([ID], [SportID], [SportmanID], [PlaceOfSportman], [ShownResult]) VALUES (123,13,3,14,19)
	INSERT [Result] ([ID], [SportID], [SportmanID], [PlaceOfSportman], [ShownResult]) VALUES (124,5,6,6,44)
	INSERT [Result] ([ID], [SportID], [SportmanID], [PlaceOfSportman], [ShownResult]) VALUES (125,9,17,20,15)
	INSERT [Result] ([ID], [SportID], [SportmanID], [PlaceOfSportman], [ShownResult]) VALUES (126,5,7,11,35)
	INSERT [Result] ([ID], [SportID], [SportmanID], [PlaceOfSportman], [ShownResult]) VALUES (127,8,15,19,21)
	INSERT [Result] ([ID], [SportID], [SportmanID], [PlaceOfSportman], [ShownResult]) VALUES (128,2,3,20,44)
	INSERT [Result] ([ID], [SportID], [SportmanID], [PlaceOfSportman], [ShownResult]) VALUES (129,4,3,4,35)
	INSERT [Result] ([ID], [SportID], [SportmanID], [PlaceOfSportman], [ShownResult]) VALUES (130,7,13,6,30)
	INSERT [Result] ([ID], [SportID], [SportmanID], [PlaceOfSportman], [ShownResult]) VALUES (131,6,3,16,20)
	INSERT [Result] ([ID], [SportID], [SportmanID], [PlaceOfSportman], [ShownResult]) VALUES (132,7,16,12,46)
	INSERT [Result] ([ID], [SportID], [SportmanID], [PlaceOfSportman], [ShownResult]) VALUES (133,12,7,19,46)
	INSERT [Result] ([ID], [SportID], [SportmanID], [PlaceOfSportman], [ShownResult]) VALUES (134,12,16,1,36)
	INSERT [Result] ([ID], [SportID], [SportmanID], [PlaceOfSportman], [ShownResult]) VALUES (135,9,8,17,42)
	INSERT [Result] ([ID], [SportID], [SportmanID], [PlaceOfSportman], [ShownResult]) VALUES (136,2,3,12,20)
	INSERT [Result] ([ID], [SportID], [SportmanID], [PlaceOfSportman], [ShownResult]) VALUES (137,2,4,20,9)
	INSERT [Result] ([ID], [SportID], [SportmanID], [PlaceOfSportman], [ShownResult]) VALUES (138,3,1,3,29)
	INSERT [Result] ([ID], [SportID], [SportmanID], [PlaceOfSportman], [ShownResult]) VALUES (139,6,7,19,50)
	INSERT [Result] ([ID], [SportID], [SportmanID], [PlaceOfSportman], [ShownResult]) VALUES (140,3,20,20,11)
	INSERT [Result] ([ID], [SportID], [SportmanID], [PlaceOfSportman], [ShownResult]) VALUES (141,15,19,9,44)
	INSERT [Result] ([ID], [SportID], [SportmanID], [PlaceOfSportman], [ShownResult]) VALUES (142,15,5,8,46)
	INSERT [Result] ([ID], [SportID], [SportmanID], [PlaceOfSportman], [ShownResult]) VALUES (143,8,10,20,39)
	INSERT [Result] ([ID], [SportID], [SportmanID], [PlaceOfSportman], [ShownResult]) VALUES (144,11,17,19,30)
	INSERT [Result] ([ID], [SportID], [SportmanID], [PlaceOfSportman], [ShownResult]) VALUES (145,7,3,3,21)
	INSERT [Result] ([ID], [SportID], [SportmanID], [PlaceOfSportman], [ShownResult]) VALUES (146,1,4,8,40)
	INSERT [Result] ([ID], [SportID], [SportmanID], [PlaceOfSportman], [ShownResult]) VALUES (147,6,20,9,19)
	INSERT [Result] ([ID], [SportID], [SportmanID], [PlaceOfSportman], [ShownResult]) VALUES (148,11,18,12,26)
	INSERT [Result] ([ID], [SportID], [SportmanID], [PlaceOfSportman], [ShownResult]) VALUES (149,1,7,6,47)
	INSERT [Result] ([ID], [SportID], [SportmanID], [PlaceOfSportman], [ShownResult]) VALUES (150,1,1,3,19)
	INSERT [Result] ([ID], [SportID], [SportmanID], [PlaceOfSportman], [ShownResult]) VALUES (151,7,4,17,24)
	INSERT [Result] ([ID], [SportID], [SportmanID], [PlaceOfSportman], [ShownResult]) VALUES (152,12,1,8,10)
	INSERT [Result] ([ID], [SportID], [SportmanID], [PlaceOfSportman], [ShownResult]) VALUES (153,13,9,9,50)
	INSERT [Result] ([ID], [SportID], [SportmanID], [PlaceOfSportman], [ShownResult]) VALUES (154,11,16,7,14)
	INSERT [Result] ([ID], [SportID], [SportmanID], [PlaceOfSportman], [ShownResult]) VALUES (155,12,10,19,32)
	INSERT [Result] ([ID], [SportID], [SportmanID], [PlaceOfSportman], [ShownResult]) VALUES (156,2,18,9,44)
	INSERT [Result] ([ID], [SportID], [SportmanID], [PlaceOfSportman], [ShownResult]) VALUES (157,15,9,12,25)
	INSERT [Result] ([ID], [SportID], [SportmanID], [PlaceOfSportman], [ShownResult]) VALUES (158,1,10,2,7)
	INSERT [Result] ([ID], [SportID], [SportmanID], [PlaceOfSportman], [ShownResult]) VALUES (159,11,16,12,10)
	INSERT [Result] ([ID], [SportID], [SportmanID], [PlaceOfSportman], [ShownResult]) VALUES (160,2,18,8,21)
	INSERT [Result] ([ID], [SportID], [SportmanID], [PlaceOfSportman], [ShownResult]) VALUES (161,11,14,7,40)
	INSERT [Result] ([ID], [SportID], [SportmanID], [PlaceOfSportman], [ShownResult]) VALUES (162,9,19,2,40)
	INSERT [Result] ([ID], [SportID], [SportmanID], [PlaceOfSportman], [ShownResult]) VALUES (163,14,5,11,31)
	INSERT [Result] ([ID], [SportID], [SportmanID], [PlaceOfSportman], [ShownResult]) VALUES (164,5,19,13,18)
	INSERT [Result] ([ID], [SportID], [SportmanID], [PlaceOfSportman], [ShownResult]) VALUES (165,7,19,13,35)
	INSERT [Result] ([ID], [SportID], [SportmanID], [PlaceOfSportman], [ShownResult]) VALUES (166,9,18,6,31)
	INSERT [Result] ([ID], [SportID], [SportmanID], [PlaceOfSportman], [ShownResult]) VALUES (167,13,8,12,28)
	INSERT [Result] ([ID], [SportID], [SportmanID], [PlaceOfSportman], [ShownResult]) VALUES (168,5,10,3,34)
	INSERT [Result] ([ID], [SportID], [SportmanID], [PlaceOfSportman], [ShownResult]) VALUES (169,7,1,5,40)
	INSERT [Result] ([ID], [SportID], [SportmanID], [PlaceOfSportman], [ShownResult]) VALUES (170,4,2,17,10)
	INSERT [Result] ([ID], [SportID], [SportmanID], [PlaceOfSportman], [ShownResult]) VALUES (171,14,17,9,21)
	INSERT [Result] ([ID], [SportID], [SportmanID], [PlaceOfSportman], [ShownResult]) VALUES (172,4,6,12,28)
	INSERT [Result] ([ID], [SportID], [SportmanID], [PlaceOfSportman], [ShownResult]) VALUES (173,4,7,5,7)
	INSERT [Result] ([ID], [SportID], [SportmanID], [PlaceOfSportman], [ShownResult]) VALUES (174,7,2,3,9)
	INSERT [Result] ([ID], [SportID], [SportmanID], [PlaceOfSportman], [ShownResult]) VALUES (175,8,5,17,32)
	INSERT [Result] ([ID], [SportID], [SportmanID], [PlaceOfSportman], [ShownResult]) VALUES (176,7,3,4,7)
	INSERT [Result] ([ID], [SportID], [SportmanID], [PlaceOfSportman], [ShownResult]) VALUES (177,11,8,14,43)
	INSERT [Result] ([ID], [SportID], [SportmanID], [PlaceOfSportman], [ShownResult]) VALUES (178,8,9,13,20)
	INSERT [Result] ([ID], [SportID], [SportmanID], [PlaceOfSportman], [ShownResult]) VALUES (179,15,17,13,41)
	INSERT [Result] ([ID], [SportID], [SportmanID], [PlaceOfSportman], [ShownResult]) VALUES (180,1,3,18,48)
	INSERT [Result] ([ID], [SportID], [SportmanID], [PlaceOfSportman], [ShownResult]) VALUES (181,5,6,13,15)
	INSERT [Result] ([ID], [SportID], [SportmanID], [PlaceOfSportman], [ShownResult]) VALUES (182,15,9,8,14)
	INSERT [Result] ([ID], [SportID], [SportmanID], [PlaceOfSportman], [ShownResult]) VALUES (183,6,2,4,31)
	INSERT [Result] ([ID], [SportID], [SportmanID], [PlaceOfSportman], [ShownResult]) VALUES (184,7,10,11,23)
	INSERT [Result] ([ID], [SportID], [SportmanID], [PlaceOfSportman], [ShownResult]) VALUES (185,12,17,11,25)
	INSERT [Result] ([ID], [SportID], [SportmanID], [PlaceOfSportman], [ShownResult]) VALUES (186,1,20,13,15)
	INSERT [Result] ([ID], [SportID], [SportmanID], [PlaceOfSportman], [ShownResult]) VALUES (187,6,2,1,37)
	INSERT [Result] ([ID], [SportID], [SportmanID], [PlaceOfSportman], [ShownResult]) VALUES (188,7,18,18,11)
	INSERT [Result] ([ID], [SportID], [SportmanID], [PlaceOfSportman], [ShownResult]) VALUES (189,10,7,5,11)
	INSERT [Result] ([ID], [SportID], [SportmanID], [PlaceOfSportman], [ShownResult]) VALUES (190,12,13,18,45)
	INSERT [Result] ([ID], [SportID], [SportmanID], [PlaceOfSportman], [ShownResult]) VALUES (191,7,17,1,27)
	INSERT [Result] ([ID], [SportID], [SportmanID], [PlaceOfSportman], [ShownResult]) VALUES (192,4,2,13,14)
	INSERT [Result] ([ID], [SportID], [SportmanID], [PlaceOfSportman], [ShownResult]) VALUES (193,15,13,11,46)
	INSERT [Result] ([ID], [SportID], [SportmanID], [PlaceOfSportman], [ShownResult]) VALUES (194,15,18,15,17)
	INSERT [Result] ([ID], [SportID], [SportmanID], [PlaceOfSportman], [ShownResult]) VALUES (195,11,20,16,40)
	INSERT [Result] ([ID], [SportID], [SportmanID], [PlaceOfSportman], [ShownResult]) VALUES (196,7,15,4,48)
	INSERT [Result] ([ID], [SportID], [SportmanID], [PlaceOfSportman], [ShownResult]) VALUES (197,8,8,20,14)
	INSERT [Result] ([ID], [SportID], [SportmanID], [PlaceOfSportman], [ShownResult]) VALUES (198,7,20,16,11)
	INSERT [Result] ([ID], [SportID], [SportmanID], [PlaceOfSportman], [ShownResult]) VALUES (199,5,1,3,19)
	INSERT [Result] ([ID], [SportID], [SportmanID], [PlaceOfSportman], [ShownResult]) VALUES (200,13,1,18,23)
	INSERT [Result] ([ID], [SportID], [SportmanID], [PlaceOfSportman], [ShownResult]) VALUES (201,13,16,15,41)
	INSERT [Result] ([ID], [SportID], [SportmanID], [PlaceOfSportman], [ShownResult]) VALUES (202,5,8,20,34)
	INSERT [Result] ([ID], [SportID], [SportmanID], [PlaceOfSportman], [ShownResult]) VALUES (203,1,19,12,30)
	INSERT [Result] ([ID], [SportID], [SportmanID], [PlaceOfSportman], [ShownResult]) VALUES (204,13,14,17,19)
	INSERT [Result] ([ID], [SportID], [SportmanID], [PlaceOfSportman], [ShownResult]) VALUES (205,5,7,6,25)
	INSERT [Result] ([ID], [SportID], [SportmanID], [PlaceOfSportman], [ShownResult]) VALUES (206,14,7,7,6)
	INSERT [Result] ([ID], [SportID], [SportmanID], [PlaceOfSportman], [ShownResult]) VALUES (207,1,13,7,46)
	INSERT [Result] ([ID], [SportID], [SportmanID], [PlaceOfSportman], [ShownResult]) VALUES (208,15,9,2,47)
	INSERT [Result] ([ID], [SportID], [SportmanID], [PlaceOfSportman], [ShownResult]) VALUES (209,9,6,11,45)
	INSERT [Result] ([ID], [SportID], [SportmanID], [PlaceOfSportman], [ShownResult]) VALUES (210,15,3,14,20)
	INSERT [Result] ([ID], [SportID], [SportmanID], [PlaceOfSportman], [ShownResult]) VALUES (211,10,7,10,44)
	INSERT [Result] ([ID], [SportID], [SportmanID], [PlaceOfSportman], [ShownResult]) VALUES (212,1,18,13,31)
	INSERT [Result] ([ID], [SportID], [SportmanID], [PlaceOfSportman], [ShownResult]) VALUES (213,14,9,13,36)
	INSERT [Result] ([ID], [SportID], [SportmanID], [PlaceOfSportman], [ShownResult]) VALUES (214,8,2,3,38)
	INSERT [Result] ([ID], [SportID], [SportmanID], [PlaceOfSportman], [ShownResult]) VALUES (215,1,6,4,19)
	INSERT [Result] ([ID], [SportID], [SportmanID], [PlaceOfSportman], [ShownResult]) VALUES (216,11,8,3,42)
	INSERT [Result] ([ID], [SportID], [SportmanID], [PlaceOfSportman], [ShownResult]) VALUES (217,15,2,18,43)
	INSERT [Result] ([ID], [SportID], [SportmanID], [PlaceOfSportman], [ShownResult]) VALUES (218,3,12,17,34)
	INSERT [Result] ([ID], [SportID], [SportmanID], [PlaceOfSportman], [ShownResult]) VALUES (219,7,3,1,35)
	INSERT [Result] ([ID], [SportID], [SportmanID], [PlaceOfSportman], [ShownResult]) VALUES (220,5,8,11,9)
	INSERT [Result] ([ID], [SportID], [SportmanID], [PlaceOfSportman], [ShownResult]) VALUES (221,1,18,10,39)
	INSERT [Result] ([ID], [SportID], [SportmanID], [PlaceOfSportman], [ShownResult]) VALUES (222,1,9,7,23)
	INSERT [Result] ([ID], [SportID], [SportmanID], [PlaceOfSportman], [ShownResult]) VALUES (223,6,20,3,26)
	INSERT [Result] ([ID], [SportID], [SportmanID], [PlaceOfSportman], [ShownResult]) VALUES (224,12,8,16,41)
	INSERT [Result] ([ID], [SportID], [SportmanID], [PlaceOfSportman], [ShownResult]) VALUES (225,8,1,4,27)
	INSERT [Result] ([ID], [SportID], [SportmanID], [PlaceOfSportman], [ShownResult]) VALUES (226,11,2,13,33)
	INSERT [Result] ([ID], [SportID], [SportmanID], [PlaceOfSportman], [ShownResult]) VALUES (227,15,16,5,13)
	INSERT [Result] ([ID], [SportID], [SportmanID], [PlaceOfSportman], [ShownResult]) VALUES (228,1,8,20,33)
	INSERT [Result] ([ID], [SportID], [SportmanID], [PlaceOfSportman], [ShownResult]) VALUES (229,14,10,8,18)
	INSERT [Result] ([ID], [SportID], [SportmanID], [PlaceOfSportman], [ShownResult]) VALUES (230,8,8,7,47)
	INSERT [Result] ([ID], [SportID], [SportmanID], [PlaceOfSportman], [ShownResult]) VALUES (231,9,18,20,45)
	INSERT [Result] ([ID], [SportID], [SportmanID], [PlaceOfSportman], [ShownResult]) VALUES (232,9,5,15,35)
	INSERT [Result] ([ID], [SportID], [SportmanID], [PlaceOfSportman], [ShownResult]) VALUES (233,11,20,18,20)
	INSERT [Result] ([ID], [SportID], [SportmanID], [PlaceOfSportman], [ShownResult]) VALUES (234,8,8,8,19)
	INSERT [Result] ([ID], [SportID], [SportmanID], [PlaceOfSportman], [ShownResult]) VALUES (235,7,14,16,31)
	INSERT [Result] ([ID], [SportID], [SportmanID], [PlaceOfSportman], [ShownResult]) VALUES (236,6,18,7,20)
	INSERT [Result] ([ID], [SportID], [SportmanID], [PlaceOfSportman], [ShownResult]) VALUES (237,1,16,17,12)
	INSERT [Result] ([ID], [SportID], [SportmanID], [PlaceOfSportman], [ShownResult]) VALUES (238,7,14,5,32)
	INSERT [Result] ([ID], [SportID], [SportmanID], [PlaceOfSportman], [ShownResult]) VALUES (239,13,10,10,33)
	INSERT [Result] ([ID], [SportID], [SportmanID], [PlaceOfSportman], [ShownResult]) VALUES (240,11,9,12,30)
	INSERT [Result] ([ID], [SportID], [SportmanID], [PlaceOfSportman], [ShownResult]) VALUES (241,6,12,16,49)
	INSERT [Result] ([ID], [SportID], [SportmanID], [PlaceOfSportman], [ShownResult]) VALUES (242,9,13,5,33)
	INSERT [Result] ([ID], [SportID], [SportmanID], [PlaceOfSportman], [ShownResult]) VALUES (243,4,9,4,26)
	INSERT [Result] ([ID], [SportID], [SportmanID], [PlaceOfSportman], [ShownResult]) VALUES (244,2,5,5,23)
	INSERT [Result] ([ID], [SportID], [SportmanID], [PlaceOfSportman], [ShownResult]) VALUES (245,6,13,5,25)
	INSERT [Result] ([ID], [SportID], [SportmanID], [PlaceOfSportman], [ShownResult]) VALUES (246,6,5,10,39)
	INSERT [Result] ([ID], [SportID], [SportmanID], [PlaceOfSportman], [ShownResult]) VALUES (247,11,2,10,17)
	INSERT [Result] ([ID], [SportID], [SportmanID], [PlaceOfSportman], [ShownResult]) VALUES (248,12,7,13,8)
	INSERT [Result] ([ID], [SportID], [SportmanID], [PlaceOfSportman], [ShownResult]) VALUES (249,6,12,9,18)
	INSERT [Result] ([ID], [SportID], [SportmanID], [PlaceOfSportman], [ShownResult]) VALUES (250,5,2,2,50)
	INSERT [Result] ([ID], [SportID], [SportmanID], [PlaceOfSportman], [ShownResult]) VALUES (251,3,9,5,38)
	INSERT [Result] ([ID], [SportID], [SportmanID], [PlaceOfSportman], [ShownResult]) VALUES (252,7,18,17,24)
	INSERT [Result] ([ID], [SportID], [SportmanID], [PlaceOfSportman], [ShownResult]) VALUES (253,2,18,9,25)
	INSERT [Result] ([ID], [SportID], [SportmanID], [PlaceOfSportman], [ShownResult]) VALUES (254,14,3,1,41)
	INSERT [Result] ([ID], [SportID], [SportmanID], [PlaceOfSportman], [ShownResult]) VALUES (255,3,3,15,20)
	INSERT [Result] ([ID], [SportID], [SportmanID], [PlaceOfSportman], [ShownResult]) VALUES (256,4,18,15,43)
	INSERT [Result] ([ID], [SportID], [SportmanID], [PlaceOfSportman], [ShownResult]) VALUES (257,12,11,18,6)
	INSERT [Result] ([ID], [SportID], [SportmanID], [PlaceOfSportman], [ShownResult]) VALUES (258,13,19,8,6)
	INSERT [Result] ([ID], [SportID], [SportmanID], [PlaceOfSportman], [ShownResult]) VALUES (259,15,18,8,42)
	INSERT [Result] ([ID], [SportID], [SportmanID], [PlaceOfSportman], [ShownResult]) VALUES (260,2,18,12,6)
	INSERT [Result] ([ID], [SportID], [SportmanID], [PlaceOfSportman], [ShownResult]) VALUES (261,10,1,5,23)
	INSERT [Result] ([ID], [SportID], [SportmanID], [PlaceOfSportman], [ShownResult]) VALUES (262,13,13,12,27)
	INSERT [Result] ([ID], [SportID], [SportmanID], [PlaceOfSportman], [ShownResult]) VALUES (263,14,1,18,12)
	INSERT [Result] ([ID], [SportID], [SportmanID], [PlaceOfSportman], [ShownResult]) VALUES (264,6,11,13,26)
	INSERT [Result] ([ID], [SportID], [SportmanID], [PlaceOfSportman], [ShownResult]) VALUES (265,9,20,11,43)
	INSERT [Result] ([ID], [SportID], [SportmanID], [PlaceOfSportman], [ShownResult]) VALUES (266,14,20,6,22)
	INSERT [Result] ([ID], [SportID], [SportmanID], [PlaceOfSportman], [ShownResult]) VALUES (267,7,11,5,37)
	INSERT [Result] ([ID], [SportID], [SportmanID], [PlaceOfSportman], [ShownResult]) VALUES (268,10,11,2,16)
	INSERT [Result] ([ID], [SportID], [SportmanID], [PlaceOfSportman], [ShownResult]) VALUES (269,7,2,20,20)
	INSERT [Result] ([ID], [SportID], [SportmanID], [PlaceOfSportman], [ShownResult]) VALUES (270,3,10,3,19)
	INSERT [Result] ([ID], [SportID], [SportmanID], [PlaceOfSportman], [ShownResult]) VALUES (271,4,12,10,22)
	INSERT [Result] ([ID], [SportID], [SportmanID], [PlaceOfSportman], [ShownResult]) VALUES (272,15,6,4,5)
	INSERT [Result] ([ID], [SportID], [SportmanID], [PlaceOfSportman], [ShownResult]) VALUES (273,3,16,3,46)
	INSERT [Result] ([ID], [SportID], [SportmanID], [PlaceOfSportman], [ShownResult]) VALUES (274,15,1,12,22)
	INSERT [Result] ([ID], [SportID], [SportmanID], [PlaceOfSportman], [ShownResult]) VALUES (275,13,5,7,47)
	INSERT [Result] ([ID], [SportID], [SportmanID], [PlaceOfSportman], [ShownResult]) VALUES (276,7,17,14,42)
	INSERT [Result] ([ID], [SportID], [SportmanID], [PlaceOfSportman], [ShownResult]) VALUES (277,2,15,15,16)
	INSERT [Result] ([ID], [SportID], [SportmanID], [PlaceOfSportman], [ShownResult]) VALUES (278,15,12,15,28)
	INSERT [Result] ([ID], [SportID], [SportmanID], [PlaceOfSportman], [ShownResult]) VALUES (279,2,15,16,25)
	INSERT [Result] ([ID], [SportID], [SportmanID], [PlaceOfSportman], [ShownResult]) VALUES (280,9,11,19,32)
	INSERT [Result] ([ID], [SportID], [SportmanID], [PlaceOfSportman], [ShownResult]) VALUES (281,9,11,2,17)
	INSERT [Result] ([ID], [SportID], [SportmanID], [PlaceOfSportman], [ShownResult]) VALUES (282,6,5,4,41)
	INSERT [Result] ([ID], [SportID], [SportmanID], [PlaceOfSportman], [ShownResult]) VALUES (283,5,16,18,30)
	INSERT [Result] ([ID], [SportID], [SportmanID], [PlaceOfSportman], [ShownResult]) VALUES (284,5,6,20,28)
	INSERT [Result] ([ID], [SportID], [SportmanID], [PlaceOfSportman], [ShownResult]) VALUES (285,14,18,17,19)
	INSERT [Result] ([ID], [SportID], [SportmanID], [PlaceOfSportman], [ShownResult]) VALUES (286,1,13,8,18)
	INSERT [Result] ([ID], [SportID], [SportmanID], [PlaceOfSportman], [ShownResult]) VALUES (287,10,12,15,7)
	INSERT [Result] ([ID], [SportID], [SportmanID], [PlaceOfSportman], [ShownResult]) VALUES (288,5,17,4,6)
	INSERT [Result] ([ID], [SportID], [SportmanID], [PlaceOfSportman], [ShownResult]) VALUES (289,3,9,13,49)
	INSERT [Result] ([ID], [SportID], [SportmanID], [PlaceOfSportman], [ShownResult]) VALUES (290,1,13,16,22)
	INSERT [Result] ([ID], [SportID], [SportmanID], [PlaceOfSportman], [ShownResult]) VALUES (291,7,20,12,47)
	INSERT [Result] ([ID], [SportID], [SportmanID], [PlaceOfSportman], [ShownResult]) VALUES (292,15,20,2,29)
	INSERT [Result] ([ID], [SportID], [SportmanID], [PlaceOfSportman], [ShownResult]) VALUES (293,11,17,7,18)
	INSERT [Result] ([ID], [SportID], [SportmanID], [PlaceOfSportman], [ShownResult]) VALUES (294,1,10,9,22)
	INSERT [Result] ([ID], [SportID], [SportmanID], [PlaceOfSportman], [ShownResult]) VALUES (295,9,9,16,10)
	INSERT [Result] ([ID], [SportID], [SportmanID], [PlaceOfSportman], [ShownResult]) VALUES (296,9,13,15,27)
	INSERT [Result] ([ID], [SportID], [SportmanID], [PlaceOfSportman], [ShownResult]) VALUES (297,14,14,4,9)
	INSERT [Result] ([ID], [SportID], [SportmanID], [PlaceOfSportman], [ShownResult]) VALUES (298,2,9,16,35)
	INSERT [Result] ([ID], [SportID], [SportmanID], [PlaceOfSportman], [ShownResult]) VALUES (299,10,4,10,45)
	INSERT [Result] ([ID], [SportID], [SportmanID], [PlaceOfSportman], [ShownResult]) VALUES (300,8,17,1,40)
	INSERT [Result] ([ID], [SportID], [SportmanID], [PlaceOfSportman], [ShownResult]) VALUES (301,9,10,16,25)
	INSERT [Result] ([ID], [SportID], [SportmanID], [PlaceOfSportman], [ShownResult]) VALUES (302,11,11,14,23)
	INSERT [Result] ([ID], [SportID], [SportmanID], [PlaceOfSportman], [ShownResult]) VALUES (303,5,7,19,41)
	INSERT [Result] ([ID], [SportID], [SportmanID], [PlaceOfSportman], [ShownResult]) VALUES (304,9,4,1,34)
	INSERT [Result] ([ID], [SportID], [SportmanID], [PlaceOfSportman], [ShownResult]) VALUES (305,15,1,2,9)
	INSERT [Result] ([ID], [SportID], [SportmanID], [PlaceOfSportman], [ShownResult]) VALUES (306,2,1,1,45)
	INSERT [Result] ([ID], [SportID], [SportmanID], [PlaceOfSportman], [ShownResult]) VALUES (307,4,6,15,13)
	INSERT [Result] ([ID], [SportID], [SportmanID], [PlaceOfSportman], [ShownResult]) VALUES (308,7,7,20,44)
	INSERT [Result] ([ID], [SportID], [SportmanID], [PlaceOfSportman], [ShownResult]) VALUES (309,11,9,5,48)
	INSERT [Result] ([ID], [SportID], [SportmanID], [PlaceOfSportman], [ShownResult]) VALUES (310,1,12,5,43)
	INSERT [Result] ([ID], [SportID], [SportmanID], [PlaceOfSportman], [ShownResult]) VALUES (311,13,6,11,9)
	INSERT [Result] ([ID], [SportID], [SportmanID], [PlaceOfSportman], [ShownResult]) VALUES (312,8,11,14,6)
	INSERT [Result] ([ID], [SportID], [SportmanID], [PlaceOfSportman], [ShownResult]) VALUES (313,6,3,16,32)
	INSERT [Result] ([ID], [SportID], [SportmanID], [PlaceOfSportman], [ShownResult]) VALUES (314,2,5,18,32)
	INSERT [Result] ([ID], [SportID], [SportmanID], [PlaceOfSportman], [ShownResult]) VALUES (315,15,12,13,39)
	INSERT [Result] ([ID], [SportID], [SportmanID], [PlaceOfSportman], [ShownResult]) VALUES (316,10,3,17,23)
	INSERT [Result] ([ID], [SportID], [SportmanID], [PlaceOfSportman], [ShownResult]) VALUES (317,6,20,6,29)
	INSERT [Result] ([ID], [SportID], [SportmanID], [PlaceOfSportman], [ShownResult]) VALUES (318,15,8,19,25)
	INSERT [Result] ([ID], [SportID], [SportmanID], [PlaceOfSportman], [ShownResult]) VALUES (319,14,5,1,47)
	INSERT [Result] ([ID], [SportID], [SportmanID], [PlaceOfSportman], [ShownResult]) VALUES (320,15,17,1,39)
	INSERT [Result] ([ID], [SportID], [SportmanID], [PlaceOfSportman], [ShownResult]) VALUES (321,6,20,13,39)
	INSERT [Result] ([ID], [SportID], [SportmanID], [PlaceOfSportman], [ShownResult]) VALUES (322,6,16,1,45)
	INSERT [Result] ([ID], [SportID], [SportmanID], [PlaceOfSportman], [ShownResult]) VALUES (323,1,11,4,28)
	INSERT [Result] ([ID], [SportID], [SportmanID], [PlaceOfSportman], [ShownResult]) VALUES (324,6,16,20,13)
	INSERT [Result] ([ID], [SportID], [SportmanID], [PlaceOfSportman], [ShownResult]) VALUES (325,1,14,14,11)
	INSERT [Result] ([ID], [SportID], [SportmanID], [PlaceOfSportman], [ShownResult]) VALUES (326,12,1,11,25)
	INSERT [Result] ([ID], [SportID], [SportmanID], [PlaceOfSportman], [ShownResult]) VALUES (327,12,14,12,7)
	INSERT [Result] ([ID], [SportID], [SportmanID], [PlaceOfSportman], [ShownResult]) VALUES (328,15,5,11,44)
	INSERT [Result] ([ID], [SportID], [SportmanID], [PlaceOfSportman], [ShownResult]) VALUES (329,10,4,18,47)
	INSERT [Result] ([ID], [SportID], [SportmanID], [PlaceOfSportman], [ShownResult]) VALUES (330,11,7,7,23)
	INSERT [Result] ([ID], [SportID], [SportmanID], [PlaceOfSportman], [ShownResult]) VALUES (331,5,11,1,25)
	INSERT [Result] ([ID], [SportID], [SportmanID], [PlaceOfSportman], [ShownResult]) VALUES (332,13,8,6,34)
	INSERT [Result] ([ID], [SportID], [SportmanID], [PlaceOfSportman], [ShownResult]) VALUES (333,14,2,10,33)
	INSERT [Result] ([ID], [SportID], [SportmanID], [PlaceOfSportman], [ShownResult]) VALUES (334,10,17,15,8)
	INSERT [Result] ([ID], [SportID], [SportmanID], [PlaceOfSportman], [ShownResult]) VALUES (335,6,7,1,13)
	INSERT [Result] ([ID], [SportID], [SportmanID], [PlaceOfSportman], [ShownResult]) VALUES (336,6,2,11,42)
	INSERT [Result] ([ID], [SportID], [SportmanID], [PlaceOfSportman], [ShownResult]) VALUES (337,10,3,18,24)
	INSERT [Result] ([ID], [SportID], [SportmanID], [PlaceOfSportman], [ShownResult]) VALUES (338,11,15,14,48)
	INSERT [Result] ([ID], [SportID], [SportmanID], [PlaceOfSportman], [ShownResult]) VALUES (339,4,19,4,30)
	INSERT [Result] ([ID], [SportID], [SportmanID], [PlaceOfSportman], [ShownResult]) VALUES (340,8,9,15,14)
	INSERT [Result] ([ID], [SportID], [SportmanID], [PlaceOfSportman], [ShownResult]) VALUES (341,1,13,9,49)
	INSERT [Result] ([ID], [SportID], [SportmanID], [PlaceOfSportman], [ShownResult]) VALUES (342,3,13,11,49)
	INSERT [Result] ([ID], [SportID], [SportmanID], [PlaceOfSportman], [ShownResult]) VALUES (343,13,1,3,45)
	INSERT [Result] ([ID], [SportID], [SportmanID], [PlaceOfSportman], [ShownResult]) VALUES (344,5,5,18,42)
	INSERT [Result] ([ID], [SportID], [SportmanID], [PlaceOfSportman], [ShownResult]) VALUES (345,7,8,14,22)
	INSERT [Result] ([ID], [SportID], [SportmanID], [PlaceOfSportman], [ShownResult]) VALUES (346,15,13,10,19)
	INSERT [Result] ([ID], [SportID], [SportmanID], [PlaceOfSportman], [ShownResult]) VALUES (347,9,9,4,20)
	INSERT [Result] ([ID], [SportID], [SportmanID], [PlaceOfSportman], [ShownResult]) VALUES (348,7,4,18,27)
	INSERT [Result] ([ID], [SportID], [SportmanID], [PlaceOfSportman], [ShownResult]) VALUES (349,15,15,8,13)
	INSERT [Result] ([ID], [SportID], [SportmanID], [PlaceOfSportman], [ShownResult]) VALUES (350,14,9,4,10)
	INSERT [Result] ([ID], [SportID], [SportmanID], [PlaceOfSportman], [ShownResult]) VALUES (351,5,12,19,15)
	INSERT [Result] ([ID], [SportID], [SportmanID], [PlaceOfSportman], [ShownResult]) VALUES (352,9,2,16,8)
	INSERT [Result] ([ID], [SportID], [SportmanID], [PlaceOfSportman], [ShownResult]) VALUES (353,11,13,2,44)
	INSERT [Result] ([ID], [SportID], [SportmanID], [PlaceOfSportman], [ShownResult]) VALUES (354,6,16,11,39)
	INSERT [Result] ([ID], [SportID], [SportmanID], [PlaceOfSportman], [ShownResult]) VALUES (355,9,3,14,27)
	INSERT [Result] ([ID], [SportID], [SportmanID], [PlaceOfSportman], [ShownResult]) VALUES (356,5,1,16,7)
	INSERT [Result] ([ID], [SportID], [SportmanID], [PlaceOfSportman], [ShownResult]) VALUES (357,10,7,10,23)
	INSERT [Result] ([ID], [SportID], [SportmanID], [PlaceOfSportman], [ShownResult]) VALUES (358,9,12,14,48)
	INSERT [Result] ([ID], [SportID], [SportmanID], [PlaceOfSportman], [ShownResult]) VALUES (359,12,7,5,31)
	INSERT [Result] ([ID], [SportID], [SportmanID], [PlaceOfSportman], [ShownResult]) VALUES (360,8,1,20,30)
	INSERT [Result] ([ID], [SportID], [SportmanID], [PlaceOfSportman], [ShownResult]) VALUES (361,5,20,1,25)
	INSERT [Result] ([ID], [SportID], [SportmanID], [PlaceOfSportman], [ShownResult]) VALUES (362,5,11,11,27)
	INSERT [Result] ([ID], [SportID], [SportmanID], [PlaceOfSportman], [ShownResult]) VALUES (363,3,14,9,20)
	INSERT [Result] ([ID], [SportID], [SportmanID], [PlaceOfSportman], [ShownResult]) VALUES (364,15,8,16,44)
	INSERT [Result] ([ID], [SportID], [SportmanID], [PlaceOfSportman], [ShownResult]) VALUES (365,12,19,12,33)
	INSERT [Result] ([ID], [SportID], [SportmanID], [PlaceOfSportman], [ShownResult]) VALUES (366,1,4,20,30)
	INSERT [Result] ([ID], [SportID], [SportmanID], [PlaceOfSportman], [ShownResult]) VALUES (367,3,12,16,43)
	INSERT [Result] ([ID], [SportID], [SportmanID], [PlaceOfSportman], [ShownResult]) VALUES (368,4,18,2,33)
	INSERT [Result] ([ID], [SportID], [SportmanID], [PlaceOfSportman], [ShownResult]) VALUES (369,4,18,4,17)
	INSERT [Result] ([ID], [SportID], [SportmanID], [PlaceOfSportman], [ShownResult]) VALUES (370,13,17,9,43)
	INSERT [Result] ([ID], [SportID], [SportmanID], [PlaceOfSportman], [ShownResult]) VALUES (371,7,2,14,20)
	INSERT [Result] ([ID], [SportID], [SportmanID], [PlaceOfSportman], [ShownResult]) VALUES (372,15,16,7,34)
	INSERT [Result] ([ID], [SportID], [SportmanID], [PlaceOfSportman], [ShownResult]) VALUES (373,3,9,6,12)
	INSERT [Result] ([ID], [SportID], [SportmanID], [PlaceOfSportman], [ShownResult]) VALUES (374,15,3,11,10)
	INSERT [Result] ([ID], [SportID], [SportmanID], [PlaceOfSportman], [ShownResult]) VALUES (375,2,5,8,23)
	INSERT [Result] ([ID], [SportID], [SportmanID], [PlaceOfSportman], [ShownResult]) VALUES (376,7,4,19,18)
	INSERT [Result] ([ID], [SportID], [SportmanID], [PlaceOfSportman], [ShownResult]) VALUES (377,3,11,10,39)
	INSERT [Result] ([ID], [SportID], [SportmanID], [PlaceOfSportman], [ShownResult]) VALUES (378,3,3,3,27)
	INSERT [Result] ([ID], [SportID], [SportmanID], [PlaceOfSportman], [ShownResult]) VALUES (379,11,15,8,29)
	INSERT [Result] ([ID], [SportID], [SportmanID], [PlaceOfSportman], [ShownResult]) VALUES (380,6,19,16,26)
	INSERT [Result] ([ID], [SportID], [SportmanID], [PlaceOfSportman], [ShownResult]) VALUES (381,4,10,15,9)
	INSERT [Result] ([ID], [SportID], [SportmanID], [PlaceOfSportman], [ShownResult]) VALUES (382,5,10,18,45)
	INSERT [Result] ([ID], [SportID], [SportmanID], [PlaceOfSportman], [ShownResult]) VALUES (383,8,3,18,33)
	INSERT [Result] ([ID], [SportID], [SportmanID], [PlaceOfSportman], [ShownResult]) VALUES (384,5,17,7,22)
	INSERT [Result] ([ID], [SportID], [SportmanID], [PlaceOfSportman], [ShownResult]) VALUES (385,11,2,20,24)
	INSERT [Result] ([ID], [SportID], [SportmanID], [PlaceOfSportman], [ShownResult]) VALUES (386,12,1,18,14)
	INSERT [Result] ([ID], [SportID], [SportmanID], [PlaceOfSportman], [ShownResult]) VALUES (387,11,16,16,29)
	INSERT [Result] ([ID], [SportID], [SportmanID], [PlaceOfSportman], [ShownResult]) VALUES (388,9,19,8,27)
	INSERT [Result] ([ID], [SportID], [SportmanID], [PlaceOfSportman], [ShownResult]) VALUES (389,15,2,7,44)
	INSERT [Result] ([ID], [SportID], [SportmanID], [PlaceOfSportman], [ShownResult]) VALUES (390,2,13,2,7)
	INSERT [Result] ([ID], [SportID], [SportmanID], [PlaceOfSportman], [ShownResult]) VALUES (391,4,18,18,36)
	INSERT [Result] ([ID], [SportID], [SportmanID], [PlaceOfSportman], [ShownResult]) VALUES (392,1,3,13,35)
	INSERT [Result] ([ID], [SportID], [SportmanID], [PlaceOfSportman], [ShownResult]) VALUES (393,6,4,1,40)
	INSERT [Result] ([ID], [SportID], [SportmanID], [PlaceOfSportman], [ShownResult]) VALUES (394,1,11,17,25)
	INSERT [Result] ([ID], [SportID], [SportmanID], [PlaceOfSportman], [ShownResult]) VALUES (395,15,14,18,43)
	INSERT [Result] ([ID], [SportID], [SportmanID], [PlaceOfSportman], [ShownResult]) VALUES (396,12,13,11,44)
	INSERT [Result] ([ID], [SportID], [SportmanID], [PlaceOfSportman], [ShownResult]) VALUES (397,5,13,7,33)
	INSERT [Result] ([ID], [SportID], [SportmanID], [PlaceOfSportman], [ShownResult]) VALUES (398,1,4,6,7)
	INSERT [Result] ([ID], [SportID], [SportmanID], [PlaceOfSportman], [ShownResult]) VALUES (399,13,2,11,37)
	INSERT [Result] ([ID], [SportID], [SportmanID], [PlaceOfSportman], [ShownResult]) VALUES (400,1,15,18,23)
	INSERT [Result] ([ID], [SportID], [SportmanID], [PlaceOfSportman], [ShownResult]) VALUES (401,12,10,2,12)
	INSERT [Result] ([ID], [SportID], [SportmanID], [PlaceOfSportman], [ShownResult]) VALUES (402,10,1,8,38)
	INSERT [Result] ([ID], [SportID], [SportmanID], [PlaceOfSportman], [ShownResult]) VALUES (403,11,10,1,11)
	INSERT [Result] ([ID], [SportID], [SportmanID], [PlaceOfSportman], [ShownResult]) VALUES (404,4,13,16,13)
	INSERT [Result] ([ID], [SportID], [SportmanID], [PlaceOfSportman], [ShownResult]) VALUES (405,15,7,11,47)
	INSERT [Result] ([ID], [SportID], [SportmanID], [PlaceOfSportman], [ShownResult]) VALUES (406,15,2,19,28)
	INSERT [Result] ([ID], [SportID], [SportmanID], [PlaceOfSportman], [ShownResult]) VALUES (407,9,18,6,35)
	INSERT [Result] ([ID], [SportID], [SportmanID], [PlaceOfSportman], [ShownResult]) VALUES (408,3,20,10,14)
	INSERT [Result] ([ID], [SportID], [SportmanID], [PlaceOfSportman], [ShownResult]) VALUES (409,7,6,7,43)
	INSERT [Result] ([ID], [SportID], [SportmanID], [PlaceOfSportman], [ShownResult]) VALUES (410,13,2,13,34)
	INSERT [Result] ([ID], [SportID], [SportmanID], [PlaceOfSportman], [ShownResult]) VALUES (411,2,6,5,35)
	INSERT [Result] ([ID], [SportID], [SportmanID], [PlaceOfSportman], [ShownResult]) VALUES (412,15,2,20,38)
	INSERT [Result] ([ID], [SportID], [SportmanID], [PlaceOfSportman], [ShownResult]) VALUES (413,15,3,10,7)
	INSERT [Result] ([ID], [SportID], [SportmanID], [PlaceOfSportman], [ShownResult]) VALUES (414,7,1,13,46)
	INSERT [Result] ([ID], [SportID], [SportmanID], [PlaceOfSportman], [ShownResult]) VALUES (415,12,4,19,38)
	INSERT [Result] ([ID], [SportID], [SportmanID], [PlaceOfSportman], [ShownResult]) VALUES (416,4,12,19,20)
	INSERT [Result] ([ID], [SportID], [SportmanID], [PlaceOfSportman], [ShownResult]) VALUES (417,13,12,3,31)
	INSERT [Result] ([ID], [SportID], [SportmanID], [PlaceOfSportman], [ShownResult]) VALUES (418,10,19,10,10)
	INSERT [Result] ([ID], [SportID], [SportmanID], [PlaceOfSportman], [ShownResult]) VALUES (419,3,10,20,17)
	INSERT [Result] ([ID], [SportID], [SportmanID], [PlaceOfSportman], [ShownResult]) VALUES (420,15,2,10,14)
	INSERT [Result] ([ID], [SportID], [SportmanID], [PlaceOfSportman], [ShownResult]) VALUES (421,1,14,9,33)
	INSERT [Result] ([ID], [SportID], [SportmanID], [PlaceOfSportman], [ShownResult]) VALUES (422,14,11,3,6)
	INSERT [Result] ([ID], [SportID], [SportmanID], [PlaceOfSportman], [ShownResult]) VALUES (423,7,18,13,50)
	INSERT [Result] ([ID], [SportID], [SportmanID], [PlaceOfSportman], [ShownResult]) VALUES (424,6,5,8,45)
	INSERT [Result] ([ID], [SportID], [SportmanID], [PlaceOfSportman], [ShownResult]) VALUES (425,14,14,3,23)
	INSERT [Result] ([ID], [SportID], [SportmanID], [PlaceOfSportman], [ShownResult]) VALUES (426,14,20,7,28)
	INSERT [Result] ([ID], [SportID], [SportmanID], [PlaceOfSportman], [ShownResult]) VALUES (427,15,20,11,32)
	INSERT [Result] ([ID], [SportID], [SportmanID], [PlaceOfSportman], [ShownResult]) VALUES (428,9,11,3,34)
	INSERT [Result] ([ID], [SportID], [SportmanID], [PlaceOfSportman], [ShownResult]) VALUES (429,7,4,16,38)
	INSERT [Result] ([ID], [SportID], [SportmanID], [PlaceOfSportman], [ShownResult]) VALUES (430,4,13,18,25)
	INSERT [Result] ([ID], [SportID], [SportmanID], [PlaceOfSportman], [ShownResult]) VALUES (431,3,9,12,40)
	INSERT [Result] ([ID], [SportID], [SportmanID], [PlaceOfSportman], [ShownResult]) VALUES (432,2,4,19,47)
	INSERT [Result] ([ID], [SportID], [SportmanID], [PlaceOfSportman], [ShownResult]) VALUES (433,2,19,14,14)
	INSERT [Result] ([ID], [SportID], [SportmanID], [PlaceOfSportman], [ShownResult]) VALUES (434,10,9,1,45)
	INSERT [Result] ([ID], [SportID], [SportmanID], [PlaceOfSportman], [ShownResult]) VALUES (435,2,14,13,32)
	INSERT [Result] ([ID], [SportID], [SportmanID], [PlaceOfSportman], [ShownResult]) VALUES (436,1,18,14,29)
	INSERT [Result] ([ID], [SportID], [SportmanID], [PlaceOfSportman], [ShownResult]) VALUES (437,8,9,18,39)
	INSERT [Result] ([ID], [SportID], [SportmanID], [PlaceOfSportman], [ShownResult]) VALUES (438,5,18,13,21)
	INSERT [Result] ([ID], [SportID], [SportmanID], [PlaceOfSportman], [ShownResult]) VALUES (439,5,1,14,31)
	INSERT [Result] ([ID], [SportID], [SportmanID], [PlaceOfSportman], [ShownResult]) VALUES (440,6,9,9,30)
	INSERT [Result] ([ID], [SportID], [SportmanID], [PlaceOfSportman], [ShownResult]) VALUES (441,14,18,5,40)
	INSERT [Result] ([ID], [SportID], [SportmanID], [PlaceOfSportman], [ShownResult]) VALUES (442,7,18,7,20)
	INSERT [Result] ([ID], [SportID], [SportmanID], [PlaceOfSportman], [ShownResult]) VALUES (443,9,17,4,22)
	INSERT [Result] ([ID], [SportID], [SportmanID], [PlaceOfSportman], [ShownResult]) VALUES (444,7,11,8,20)
	INSERT [Result] ([ID], [SportID], [SportmanID], [PlaceOfSportman], [ShownResult]) VALUES (445,14,9,7,29)
	INSERT [Result] ([ID], [SportID], [SportmanID], [PlaceOfSportman], [ShownResult]) VALUES (446,11,12,5,40)
	INSERT [Result] ([ID], [SportID], [SportmanID], [PlaceOfSportman], [ShownResult]) VALUES (447,5,9,4,12)
	INSERT [Result] ([ID], [SportID], [SportmanID], [PlaceOfSportman], [ShownResult]) VALUES (448,2,20,9,22)
	INSERT [Result] ([ID], [SportID], [SportmanID], [PlaceOfSportman], [ShownResult]) VALUES (449,9,8,19,9)
	INSERT [Result] ([ID], [SportID], [SportmanID], [PlaceOfSportman], [ShownResult]) VALUES (450,15,18,11,37)
	INSERT [Result] ([ID], [SportID], [SportmanID], [PlaceOfSportman], [ShownResult]) VALUES (451,4,17,4,49)
	INSERT [Result] ([ID], [SportID], [SportmanID], [PlaceOfSportman], [ShownResult]) VALUES (452,6,2,8,17)
	INSERT [Result] ([ID], [SportID], [SportmanID], [PlaceOfSportman], [ShownResult]) VALUES (453,12,11,16,14)
	INSERT [Result] ([ID], [SportID], [SportmanID], [PlaceOfSportman], [ShownResult]) VALUES (454,1,13,9,38)
	INSERT [Result] ([ID], [SportID], [SportmanID], [PlaceOfSportman], [ShownResult]) VALUES (455,9,19,16,26)
	INSERT [Result] ([ID], [SportID], [SportmanID], [PlaceOfSportman], [ShownResult]) VALUES (456,13,1,8,16)
	INSERT [Result] ([ID], [SportID], [SportmanID], [PlaceOfSportman], [ShownResult]) VALUES (457,3,17,9,40)
	INSERT [Result] ([ID], [SportID], [SportmanID], [PlaceOfSportman], [ShownResult]) VALUES (458,3,2,6,14)
	INSERT [Result] ([ID], [SportID], [SportmanID], [PlaceOfSportman], [ShownResult]) VALUES (459,5,14,18,32)
	INSERT [Result] ([ID], [SportID], [SportmanID], [PlaceOfSportman], [ShownResult]) VALUES (460,4,10,8,18)
	INSERT [Result] ([ID], [SportID], [SportmanID], [PlaceOfSportman], [ShownResult]) VALUES (461,2,13,13,24)
	INSERT [Result] ([ID], [SportID], [SportmanID], [PlaceOfSportman], [ShownResult]) VALUES (462,4,18,18,47)
	INSERT [Result] ([ID], [SportID], [SportmanID], [PlaceOfSportman], [ShownResult]) VALUES (463,15,5,10,35)
	INSERT [Result] ([ID], [SportID], [SportmanID], [PlaceOfSportman], [ShownResult]) VALUES (464,12,19,1,43)
	INSERT [Result] ([ID], [SportID], [SportmanID], [PlaceOfSportman], [ShownResult]) VALUES (465,13,16,2,28)
	INSERT [Result] ([ID], [SportID], [SportmanID], [PlaceOfSportman], [ShownResult]) VALUES (466,9,15,18,10)
	INSERT [Result] ([ID], [SportID], [SportmanID], [PlaceOfSportman], [ShownResult]) VALUES (467,8,8,10,21)
	INSERT [Result] ([ID], [SportID], [SportmanID], [PlaceOfSportman], [ShownResult]) VALUES (468,12,20,9,8)
	INSERT [Result] ([ID], [SportID], [SportmanID], [PlaceOfSportman], [ShownResult]) VALUES (469,11,5,5,24)
	INSERT [Result] ([ID], [SportID], [SportmanID], [PlaceOfSportman], [ShownResult]) VALUES (470,10,19,16,13)
	INSERT [Result] ([ID], [SportID], [SportmanID], [PlaceOfSportman], [ShownResult]) VALUES (471,3,4,18,27)
	INSERT [Result] ([ID], [SportID], [SportmanID], [PlaceOfSportman], [ShownResult]) VALUES (472,15,11,17,10)
	INSERT [Result] ([ID], [SportID], [SportmanID], [PlaceOfSportman], [ShownResult]) VALUES (473,7,15,7,6)
	INSERT [Result] ([ID], [SportID], [SportmanID], [PlaceOfSportman], [ShownResult]) VALUES (474,4,18,7,24)
	INSERT [Result] ([ID], [SportID], [SportmanID], [PlaceOfSportman], [ShownResult]) VALUES (475,12,2,19,18)
	INSERT [Result] ([ID], [SportID], [SportmanID], [PlaceOfSportman], [ShownResult]) VALUES (476,12,12,1,18)
	INSERT [Result] ([ID], [SportID], [SportmanID], [PlaceOfSportman], [ShownResult]) VALUES (477,13,12,17,49)
	INSERT [Result] ([ID], [SportID], [SportmanID], [PlaceOfSportman], [ShownResult]) VALUES (478,7,8,2,22)
	INSERT [Result] ([ID], [SportID], [SportmanID], [PlaceOfSportman], [ShownResult]) VALUES (479,13,4,3,31)
	INSERT [Result] ([ID], [SportID], [SportmanID], [PlaceOfSportman], [ShownResult]) VALUES (480,11,17,19,13)
	INSERT [Result] ([ID], [SportID], [SportmanID], [PlaceOfSportman], [ShownResult]) VALUES (481,6,8,16,42)
	INSERT [Result] ([ID], [SportID], [SportmanID], [PlaceOfSportman], [ShownResult]) VALUES (482,8,6,5,13)
	INSERT [Result] ([ID], [SportID], [SportmanID], [PlaceOfSportman], [ShownResult]) VALUES (483,2,10,14,33)
	INSERT [Result] ([ID], [SportID], [SportmanID], [PlaceOfSportman], [ShownResult]) VALUES (484,11,14,16,22)
	INSERT [Result] ([ID], [SportID], [SportmanID], [PlaceOfSportman], [ShownResult]) VALUES (485,11,17,5,22)
	INSERT [Result] ([ID], [SportID], [SportmanID], [PlaceOfSportman], [ShownResult]) VALUES (486,4,1,8,20)
	INSERT [Result] ([ID], [SportID], [SportmanID], [PlaceOfSportman], [ShownResult]) VALUES (487,14,9,5,38)
	INSERT [Result] ([ID], [SportID], [SportmanID], [PlaceOfSportman], [ShownResult]) VALUES (488,13,1,12,42)
	INSERT [Result] ([ID], [SportID], [SportmanID], [PlaceOfSportman], [ShownResult]) VALUES (489,12,16,20,20)
	INSERT [Result] ([ID], [SportID], [SportmanID], [PlaceOfSportman], [ShownResult]) VALUES (490,6,14,2,10)
	INSERT [Result] ([ID], [SportID], [SportmanID], [PlaceOfSportman], [ShownResult]) VALUES (491,12,18,18,24)
	INSERT [Result] ([ID], [SportID], [SportmanID], [PlaceOfSportman], [ShownResult]) VALUES (492,10,10,9,13)
	INSERT [Result] ([ID], [SportID], [SportmanID], [PlaceOfSportman], [ShownResult]) VALUES (493,12,18,11,27)
	INSERT [Result] ([ID], [SportID], [SportmanID], [PlaceOfSportman], [ShownResult]) VALUES (494,2,9,4,23)
	INSERT [Result] ([ID], [SportID], [SportmanID], [PlaceOfSportman], [ShownResult]) VALUES (495,12,18,1,20)
	INSERT [Result] ([ID], [SportID], [SportmanID], [PlaceOfSportman], [ShownResult]) VALUES (496,7,15,20,14)
	INSERT [Result] ([ID], [SportID], [SportmanID], [PlaceOfSportman], [ShownResult]) VALUES (497,13,19,12,16)
	INSERT [Result] ([ID], [SportID], [SportmanID], [PlaceOfSportman], [ShownResult]) VALUES (498,6,5,9,37)
	INSERT [Result] ([ID], [SportID], [SportmanID], [PlaceOfSportman], [ShownResult]) VALUES (499,1,11,16,7)
	INSERT [Result] ([ID], [SportID], [SportmanID], [PlaceOfSportman], [ShownResult]) VALUES (500,13,12,13,43)
SET IDENTITY_INSERT [Result] OFF


	INSERT [CompetitionResult] ([CompetitionID], [ResultID]) VALUES (9,1)
	INSERT [CompetitionResult] ([CompetitionID], [ResultID]) VALUES (8,2)
	INSERT [CompetitionResult] ([CompetitionID], [ResultID]) VALUES (3,3)
	INSERT [CompetitionResult] ([CompetitionID], [ResultID]) VALUES (4,4)
	INSERT [CompetitionResult] ([CompetitionID], [ResultID]) VALUES (9,5)
	INSERT [CompetitionResult] ([CompetitionID], [ResultID]) VALUES (8,6)
	INSERT [CompetitionResult] ([CompetitionID], [ResultID]) VALUES (13,7)
	INSERT [CompetitionResult] ([CompetitionID], [ResultID]) VALUES (11,8)
	INSERT [CompetitionResult] ([CompetitionID], [ResultID]) VALUES (15,9)
	INSERT [CompetitionResult] ([CompetitionID], [ResultID]) VALUES (14,10)
	INSERT [CompetitionResult] ([CompetitionID], [ResultID]) VALUES (6,11)
	INSERT [CompetitionResult] ([CompetitionID], [ResultID]) VALUES (12,12)
	INSERT [CompetitionResult] ([CompetitionID], [ResultID]) VALUES (4,13)
	INSERT [CompetitionResult] ([CompetitionID], [ResultID]) VALUES (9,14)
	INSERT [CompetitionResult] ([CompetitionID], [ResultID]) VALUES (12,15)
	INSERT [CompetitionResult] ([CompetitionID], [ResultID]) VALUES (12,16)
	INSERT [CompetitionResult] ([CompetitionID], [ResultID]) VALUES (6,17)
	INSERT [CompetitionResult] ([CompetitionID], [ResultID]) VALUES (13,18)
	INSERT [CompetitionResult] ([CompetitionID], [ResultID]) VALUES (7,19)
	INSERT [CompetitionResult] ([CompetitionID], [ResultID]) VALUES (13,20)
	INSERT [CompetitionResult] ([CompetitionID], [ResultID]) VALUES (5,21)
	INSERT [CompetitionResult] ([CompetitionID], [ResultID]) VALUES (7,22)
	INSERT [CompetitionResult] ([CompetitionID], [ResultID]) VALUES (14,23)
	INSERT [CompetitionResult] ([CompetitionID], [ResultID]) VALUES (1,24)
	INSERT [CompetitionResult] ([CompetitionID], [ResultID]) VALUES (6,25)
	INSERT [CompetitionResult] ([CompetitionID], [ResultID]) VALUES (7,26)
	INSERT [CompetitionResult] ([CompetitionID], [ResultID]) VALUES (9,27)
	INSERT [CompetitionResult] ([CompetitionID], [ResultID]) VALUES (10,28)
	INSERT [CompetitionResult] ([CompetitionID], [ResultID]) VALUES (7,29)
	INSERT [CompetitionResult] ([CompetitionID], [ResultID]) VALUES (14,30)
	INSERT [CompetitionResult] ([CompetitionID], [ResultID]) VALUES (3,31)
	INSERT [CompetitionResult] ([CompetitionID], [ResultID]) VALUES (3,32)
	INSERT [CompetitionResult] ([CompetitionID], [ResultID]) VALUES (3,33)
	INSERT [CompetitionResult] ([CompetitionID], [ResultID]) VALUES (4,34)
	INSERT [CompetitionResult] ([CompetitionID], [ResultID]) VALUES (10,35)
	INSERT [CompetitionResult] ([CompetitionID], [ResultID]) VALUES (2,36)
	INSERT [CompetitionResult] ([CompetitionID], [ResultID]) VALUES (4,37)
	INSERT [CompetitionResult] ([CompetitionID], [ResultID]) VALUES (3,38)
	INSERT [CompetitionResult] ([CompetitionID], [ResultID]) VALUES (15,39)
	INSERT [CompetitionResult] ([CompetitionID], [ResultID]) VALUES (11,40)
	INSERT [CompetitionResult] ([CompetitionID], [ResultID]) VALUES (6,41)
	INSERT [CompetitionResult] ([CompetitionID], [ResultID]) VALUES (3,42)
	INSERT [CompetitionResult] ([CompetitionID], [ResultID]) VALUES (12,43)
	INSERT [CompetitionResult] ([CompetitionID], [ResultID]) VALUES (13,44)
	INSERT [CompetitionResult] ([CompetitionID], [ResultID]) VALUES (13,45)
	INSERT [CompetitionResult] ([CompetitionID], [ResultID]) VALUES (15,46)
	INSERT [CompetitionResult] ([CompetitionID], [ResultID]) VALUES (10,47)
	INSERT [CompetitionResult] ([CompetitionID], [ResultID]) VALUES (5,48)
	INSERT [CompetitionResult] ([CompetitionID], [ResultID]) VALUES (6,49)
	INSERT [CompetitionResult] ([CompetitionID], [ResultID]) VALUES (11,50)
	INSERT [CompetitionResult] ([CompetitionID], [ResultID]) VALUES (9,51)
	INSERT [CompetitionResult] ([CompetitionID], [ResultID]) VALUES (7,52)
	INSERT [CompetitionResult] ([CompetitionID], [ResultID]) VALUES (8,53)
	INSERT [CompetitionResult] ([CompetitionID], [ResultID]) VALUES (8,54)
	INSERT [CompetitionResult] ([CompetitionID], [ResultID]) VALUES (12,55)
	INSERT [CompetitionResult] ([CompetitionID], [ResultID]) VALUES (9,56)
	INSERT [CompetitionResult] ([CompetitionID], [ResultID]) VALUES (9,57)
	INSERT [CompetitionResult] ([CompetitionID], [ResultID]) VALUES (10,58)
	INSERT [CompetitionResult] ([CompetitionID], [ResultID]) VALUES (13,59)
	INSERT [CompetitionResult] ([CompetitionID], [ResultID]) VALUES (2,60)
	INSERT [CompetitionResult] ([CompetitionID], [ResultID]) VALUES (8,61)
	INSERT [CompetitionResult] ([CompetitionID], [ResultID]) VALUES (11,62)
	INSERT [CompetitionResult] ([CompetitionID], [ResultID]) VALUES (10,63)
	INSERT [CompetitionResult] ([CompetitionID], [ResultID]) VALUES (1,64)
	INSERT [CompetitionResult] ([CompetitionID], [ResultID]) VALUES (11,65)
	INSERT [CompetitionResult] ([CompetitionID], [ResultID]) VALUES (11,66)
	INSERT [CompetitionResult] ([CompetitionID], [ResultID]) VALUES (7,67)
	INSERT [CompetitionResult] ([CompetitionID], [ResultID]) VALUES (1,68)
	INSERT [CompetitionResult] ([CompetitionID], [ResultID]) VALUES (12,69)
	INSERT [CompetitionResult] ([CompetitionID], [ResultID]) VALUES (7,70)
	INSERT [CompetitionResult] ([CompetitionID], [ResultID]) VALUES (1,71)
	INSERT [CompetitionResult] ([CompetitionID], [ResultID]) VALUES (7,72)
	INSERT [CompetitionResult] ([CompetitionID], [ResultID]) VALUES (8,73)
	INSERT [CompetitionResult] ([CompetitionID], [ResultID]) VALUES (6,74)
	INSERT [CompetitionResult] ([CompetitionID], [ResultID]) VALUES (2,75)
	INSERT [CompetitionResult] ([CompetitionID], [ResultID]) VALUES (14,76)
	INSERT [CompetitionResult] ([CompetitionID], [ResultID]) VALUES (14,77)
	INSERT [CompetitionResult] ([CompetitionID], [ResultID]) VALUES (11,78)
	INSERT [CompetitionResult] ([CompetitionID], [ResultID]) VALUES (2,79)
	INSERT [CompetitionResult] ([CompetitionID], [ResultID]) VALUES (9,80)
	INSERT [CompetitionResult] ([CompetitionID], [ResultID]) VALUES (2,81)
	INSERT [CompetitionResult] ([CompetitionID], [ResultID]) VALUES (11,82)
	INSERT [CompetitionResult] ([CompetitionID], [ResultID]) VALUES (15,83)
	INSERT [CompetitionResult] ([CompetitionID], [ResultID]) VALUES (6,84)
	INSERT [CompetitionResult] ([CompetitionID], [ResultID]) VALUES (15,85)
	INSERT [CompetitionResult] ([CompetitionID], [ResultID]) VALUES (15,86)
	INSERT [CompetitionResult] ([CompetitionID], [ResultID]) VALUES (3,87)
	INSERT [CompetitionResult] ([CompetitionID], [ResultID]) VALUES (12,88)
	INSERT [CompetitionResult] ([CompetitionID], [ResultID]) VALUES (6,89)
	INSERT [CompetitionResult] ([CompetitionID], [ResultID]) VALUES (11,90)
	INSERT [CompetitionResult] ([CompetitionID], [ResultID]) VALUES (12,91)
	INSERT [CompetitionResult] ([CompetitionID], [ResultID]) VALUES (4,92)
	INSERT [CompetitionResult] ([CompetitionID], [ResultID]) VALUES (11,93)
	INSERT [CompetitionResult] ([CompetitionID], [ResultID]) VALUES (5,94)
	INSERT [CompetitionResult] ([CompetitionID], [ResultID]) VALUES (2,95)
	INSERT [CompetitionResult] ([CompetitionID], [ResultID]) VALUES (13,96)
	INSERT [CompetitionResult] ([CompetitionID], [ResultID]) VALUES (12,97)
	INSERT [CompetitionResult] ([CompetitionID], [ResultID]) VALUES (2,98)
	INSERT [CompetitionResult] ([CompetitionID], [ResultID]) VALUES (1,99)
	INSERT [CompetitionResult] ([CompetitionID], [ResultID]) VALUES (11,100)
	INSERT [CompetitionResult] ([CompetitionID], [ResultID]) VALUES (3,101)
	INSERT [CompetitionResult] ([CompetitionID], [ResultID]) VALUES (9,102)
	INSERT [CompetitionResult] ([CompetitionID], [ResultID]) VALUES (15,103)
	INSERT [CompetitionResult] ([CompetitionID], [ResultID]) VALUES (2,104)
	INSERT [CompetitionResult] ([CompetitionID], [ResultID]) VALUES (10,105)
	INSERT [CompetitionResult] ([CompetitionID], [ResultID]) VALUES (15,106)
	INSERT [CompetitionResult] ([CompetitionID], [ResultID]) VALUES (8,107)
	INSERT [CompetitionResult] ([CompetitionID], [ResultID]) VALUES (10,108)
	INSERT [CompetitionResult] ([CompetitionID], [ResultID]) VALUES (7,109)
	INSERT [CompetitionResult] ([CompetitionID], [ResultID]) VALUES (8,110)
	INSERT [CompetitionResult] ([CompetitionID], [ResultID]) VALUES (5,111)
	INSERT [CompetitionResult] ([CompetitionID], [ResultID]) VALUES (3,112)
	INSERT [CompetitionResult] ([CompetitionID], [ResultID]) VALUES (4,113)
	INSERT [CompetitionResult] ([CompetitionID], [ResultID]) VALUES (6,114)
	INSERT [CompetitionResult] ([CompetitionID], [ResultID]) VALUES (5,115)
	INSERT [CompetitionResult] ([CompetitionID], [ResultID]) VALUES (1,116)
	INSERT [CompetitionResult] ([CompetitionID], [ResultID]) VALUES (11,117)
	INSERT [CompetitionResult] ([CompetitionID], [ResultID]) VALUES (12,118)
	INSERT [CompetitionResult] ([CompetitionID], [ResultID]) VALUES (9,119)
	INSERT [CompetitionResult] ([CompetitionID], [ResultID]) VALUES (6,120)
	INSERT [CompetitionResult] ([CompetitionID], [ResultID]) VALUES (13,121)
	INSERT [CompetitionResult] ([CompetitionID], [ResultID]) VALUES (11,122)
	INSERT [CompetitionResult] ([CompetitionID], [ResultID]) VALUES (8,123)
	INSERT [CompetitionResult] ([CompetitionID], [ResultID]) VALUES (15,124)
	INSERT [CompetitionResult] ([CompetitionID], [ResultID]) VALUES (12,125)
	INSERT [CompetitionResult] ([CompetitionID], [ResultID]) VALUES (9,126)
	INSERT [CompetitionResult] ([CompetitionID], [ResultID]) VALUES (2,127)
	INSERT [CompetitionResult] ([CompetitionID], [ResultID]) VALUES (9,128)
	INSERT [CompetitionResult] ([CompetitionID], [ResultID]) VALUES (4,129)
	INSERT [CompetitionResult] ([CompetitionID], [ResultID]) VALUES (3,130)
	INSERT [CompetitionResult] ([CompetitionID], [ResultID]) VALUES (4,131)
	INSERT [CompetitionResult] ([CompetitionID], [ResultID]) VALUES (8,132)
	INSERT [CompetitionResult] ([CompetitionID], [ResultID]) VALUES (3,133)
	INSERT [CompetitionResult] ([CompetitionID], [ResultID]) VALUES (6,134)
	INSERT [CompetitionResult] ([CompetitionID], [ResultID]) VALUES (13,135)
	INSERT [CompetitionResult] ([CompetitionID], [ResultID]) VALUES (5,136)
	INSERT [CompetitionResult] ([CompetitionID], [ResultID]) VALUES (4,137)
	INSERT [CompetitionResult] ([CompetitionID], [ResultID]) VALUES (15,138)
	INSERT [CompetitionResult] ([CompetitionID], [ResultID]) VALUES (2,139)
	INSERT [CompetitionResult] ([CompetitionID], [ResultID]) VALUES (7,140)
	INSERT [CompetitionResult] ([CompetitionID], [ResultID]) VALUES (14,141)
	INSERT [CompetitionResult] ([CompetitionID], [ResultID]) VALUES (4,142)
	INSERT [CompetitionResult] ([CompetitionID], [ResultID]) VALUES (10,143)
	INSERT [CompetitionResult] ([CompetitionID], [ResultID]) VALUES (11,144)
	INSERT [CompetitionResult] ([CompetitionID], [ResultID]) VALUES (10,145)
	INSERT [CompetitionResult] ([CompetitionID], [ResultID]) VALUES (14,146)
	INSERT [CompetitionResult] ([CompetitionID], [ResultID]) VALUES (4,147)
	INSERT [CompetitionResult] ([CompetitionID], [ResultID]) VALUES (8,148)
	INSERT [CompetitionResult] ([CompetitionID], [ResultID]) VALUES (4,149)
	INSERT [CompetitionResult] ([CompetitionID], [ResultID]) VALUES (9,150)
	INSERT [CompetitionResult] ([CompetitionID], [ResultID]) VALUES (7,151)
	INSERT [CompetitionResult] ([CompetitionID], [ResultID]) VALUES (4,152)
	INSERT [CompetitionResult] ([CompetitionID], [ResultID]) VALUES (15,153)
	INSERT [CompetitionResult] ([CompetitionID], [ResultID]) VALUES (6,154)
	INSERT [CompetitionResult] ([CompetitionID], [ResultID]) VALUES (11,155)
	INSERT [CompetitionResult] ([CompetitionID], [ResultID]) VALUES (1,156)
	INSERT [CompetitionResult] ([CompetitionID], [ResultID]) VALUES (5,157)
	INSERT [CompetitionResult] ([CompetitionID], [ResultID]) VALUES (11,158)
	INSERT [CompetitionResult] ([CompetitionID], [ResultID]) VALUES (8,159)
	INSERT [CompetitionResult] ([CompetitionID], [ResultID]) VALUES (6,160)
	INSERT [CompetitionResult] ([CompetitionID], [ResultID]) VALUES (4,161)
	INSERT [CompetitionResult] ([CompetitionID], [ResultID]) VALUES (6,162)
	INSERT [CompetitionResult] ([CompetitionID], [ResultID]) VALUES (8,163)
	INSERT [CompetitionResult] ([CompetitionID], [ResultID]) VALUES (12,164)
	INSERT [CompetitionResult] ([CompetitionID], [ResultID]) VALUES (6,165)
	INSERT [CompetitionResult] ([CompetitionID], [ResultID]) VALUES (3,166)
	INSERT [CompetitionResult] ([CompetitionID], [ResultID]) VALUES (13,167)
	INSERT [CompetitionResult] ([CompetitionID], [ResultID]) VALUES (4,168)
	INSERT [CompetitionResult] ([CompetitionID], [ResultID]) VALUES (7,169)
	INSERT [CompetitionResult] ([CompetitionID], [ResultID]) VALUES (1,170)
	INSERT [CompetitionResult] ([CompetitionID], [ResultID]) VALUES (8,171)
	INSERT [CompetitionResult] ([CompetitionID], [ResultID]) VALUES (5,172)
	INSERT [CompetitionResult] ([CompetitionID], [ResultID]) VALUES (9,173)
	INSERT [CompetitionResult] ([CompetitionID], [ResultID]) VALUES (15,174)
	INSERT [CompetitionResult] ([CompetitionID], [ResultID]) VALUES (10,175)
	INSERT [CompetitionResult] ([CompetitionID], [ResultID]) VALUES (15,176)
	INSERT [CompetitionResult] ([CompetitionID], [ResultID]) VALUES (9,177)
	INSERT [CompetitionResult] ([CompetitionID], [ResultID]) VALUES (5,178)
	INSERT [CompetitionResult] ([CompetitionID], [ResultID]) VALUES (7,179)
	INSERT [CompetitionResult] ([CompetitionID], [ResultID]) VALUES (13,180)
	INSERT [CompetitionResult] ([CompetitionID], [ResultID]) VALUES (3,181)
	INSERT [CompetitionResult] ([CompetitionID], [ResultID]) VALUES (15,182)
	INSERT [CompetitionResult] ([CompetitionID], [ResultID]) VALUES (2,183)
	INSERT [CompetitionResult] ([CompetitionID], [ResultID]) VALUES (12,184)
	INSERT [CompetitionResult] ([CompetitionID], [ResultID]) VALUES (15,185)
	INSERT [CompetitionResult] ([CompetitionID], [ResultID]) VALUES (3,186)
	INSERT [CompetitionResult] ([CompetitionID], [ResultID]) VALUES (1,187)
	INSERT [CompetitionResult] ([CompetitionID], [ResultID]) VALUES (14,188)
	INSERT [CompetitionResult] ([CompetitionID], [ResultID]) VALUES (11,189)
	INSERT [CompetitionResult] ([CompetitionID], [ResultID]) VALUES (13,190)
	INSERT [CompetitionResult] ([CompetitionID], [ResultID]) VALUES (15,191)
	INSERT [CompetitionResult] ([CompetitionID], [ResultID]) VALUES (9,192)
	INSERT [CompetitionResult] ([CompetitionID], [ResultID]) VALUES (13,193)
	INSERT [CompetitionResult] ([CompetitionID], [ResultID]) VALUES (4,194)
	INSERT [CompetitionResult] ([CompetitionID], [ResultID]) VALUES (5,195)
	INSERT [CompetitionResult] ([CompetitionID], [ResultID]) VALUES (3,196)
	INSERT [CompetitionResult] ([CompetitionID], [ResultID]) VALUES (11,197)
	INSERT [CompetitionResult] ([CompetitionID], [ResultID]) VALUES (5,198)
	INSERT [CompetitionResult] ([CompetitionID], [ResultID]) VALUES (2,199)
	INSERT [CompetitionResult] ([CompetitionID], [ResultID]) VALUES (2,200)
	INSERT [CompetitionResult] ([CompetitionID], [ResultID]) VALUES (15,201)
	INSERT [CompetitionResult] ([CompetitionID], [ResultID]) VALUES (15,202)
	INSERT [CompetitionResult] ([CompetitionID], [ResultID]) VALUES (8,203)
	INSERT [CompetitionResult] ([CompetitionID], [ResultID]) VALUES (13,204)
	INSERT [CompetitionResult] ([CompetitionID], [ResultID]) VALUES (7,205)
	INSERT [CompetitionResult] ([CompetitionID], [ResultID]) VALUES (6,206)
	INSERT [CompetitionResult] ([CompetitionID], [ResultID]) VALUES (12,207)
	INSERT [CompetitionResult] ([CompetitionID], [ResultID]) VALUES (11,208)
	INSERT [CompetitionResult] ([CompetitionID], [ResultID]) VALUES (9,209)
	INSERT [CompetitionResult] ([CompetitionID], [ResultID]) VALUES (15,210)
	INSERT [CompetitionResult] ([CompetitionID], [ResultID]) VALUES (9,211)
	INSERT [CompetitionResult] ([CompetitionID], [ResultID]) VALUES (7,212)
	INSERT [CompetitionResult] ([CompetitionID], [ResultID]) VALUES (13,213)
	INSERT [CompetitionResult] ([CompetitionID], [ResultID]) VALUES (7,214)
	INSERT [CompetitionResult] ([CompetitionID], [ResultID]) VALUES (7,215)
	INSERT [CompetitionResult] ([CompetitionID], [ResultID]) VALUES (2,216)
	INSERT [CompetitionResult] ([CompetitionID], [ResultID]) VALUES (4,217)
	INSERT [CompetitionResult] ([CompetitionID], [ResultID]) VALUES (1,218)
	INSERT [CompetitionResult] ([CompetitionID], [ResultID]) VALUES (3,219)
	INSERT [CompetitionResult] ([CompetitionID], [ResultID]) VALUES (8,220)
	INSERT [CompetitionResult] ([CompetitionID], [ResultID]) VALUES (10,221)
	INSERT [CompetitionResult] ([CompetitionID], [ResultID]) VALUES (11,222)
	INSERT [CompetitionResult] ([CompetitionID], [ResultID]) VALUES (10,223)
	INSERT [CompetitionResult] ([CompetitionID], [ResultID]) VALUES (3,224)
	INSERT [CompetitionResult] ([CompetitionID], [ResultID]) VALUES (14,225)
	INSERT [CompetitionResult] ([CompetitionID], [ResultID]) VALUES (5,226)
	INSERT [CompetitionResult] ([CompetitionID], [ResultID]) VALUES (2,227)
	INSERT [CompetitionResult] ([CompetitionID], [ResultID]) VALUES (7,228)
	INSERT [CompetitionResult] ([CompetitionID], [ResultID]) VALUES (15,229)
	INSERT [CompetitionResult] ([CompetitionID], [ResultID]) VALUES (2,230)
	INSERT [CompetitionResult] ([CompetitionID], [ResultID]) VALUES (10,231)
	INSERT [CompetitionResult] ([CompetitionID], [ResultID]) VALUES (15,232)
	INSERT [CompetitionResult] ([CompetitionID], [ResultID]) VALUES (11,233)
	INSERT [CompetitionResult] ([CompetitionID], [ResultID]) VALUES (8,234)
	INSERT [CompetitionResult] ([CompetitionID], [ResultID]) VALUES (12,235)
	INSERT [CompetitionResult] ([CompetitionID], [ResultID]) VALUES (7,236)
	INSERT [CompetitionResult] ([CompetitionID], [ResultID]) VALUES (1,237)
	INSERT [CompetitionResult] ([CompetitionID], [ResultID]) VALUES (9,238)
	INSERT [CompetitionResult] ([CompetitionID], [ResultID]) VALUES (4,239)
	INSERT [CompetitionResult] ([CompetitionID], [ResultID]) VALUES (10,240)
	INSERT [CompetitionResult] ([CompetitionID], [ResultID]) VALUES (2,241)
	INSERT [CompetitionResult] ([CompetitionID], [ResultID]) VALUES (7,242)
	INSERT [CompetitionResult] ([CompetitionID], [ResultID]) VALUES (10,243)
	INSERT [CompetitionResult] ([CompetitionID], [ResultID]) VALUES (10,244)
	INSERT [CompetitionResult] ([CompetitionID], [ResultID]) VALUES (6,245)
	INSERT [CompetitionResult] ([CompetitionID], [ResultID]) VALUES (11,246)
	INSERT [CompetitionResult] ([CompetitionID], [ResultID]) VALUES (3,247)
	INSERT [CompetitionResult] ([CompetitionID], [ResultID]) VALUES (1,248)
	INSERT [CompetitionResult] ([CompetitionID], [ResultID]) VALUES (8,249)
	INSERT [CompetitionResult] ([CompetitionID], [ResultID]) VALUES (6,250)
	INSERT [CompetitionResult] ([CompetitionID], [ResultID]) VALUES (15,251)
	INSERT [CompetitionResult] ([CompetitionID], [ResultID]) VALUES (5,252)
	INSERT [CompetitionResult] ([CompetitionID], [ResultID]) VALUES (13,253)
	INSERT [CompetitionResult] ([CompetitionID], [ResultID]) VALUES (5,254)
	INSERT [CompetitionResult] ([CompetitionID], [ResultID]) VALUES (8,255)
	INSERT [CompetitionResult] ([CompetitionID], [ResultID]) VALUES (4,256)
	INSERT [CompetitionResult] ([CompetitionID], [ResultID]) VALUES (10,257)
	INSERT [CompetitionResult] ([CompetitionID], [ResultID]) VALUES (4,258)
	INSERT [CompetitionResult] ([CompetitionID], [ResultID]) VALUES (14,259)
	INSERT [CompetitionResult] ([CompetitionID], [ResultID]) VALUES (9,260)
	INSERT [CompetitionResult] ([CompetitionID], [ResultID]) VALUES (10,261)
	INSERT [CompetitionResult] ([CompetitionID], [ResultID]) VALUES (8,262)
	INSERT [CompetitionResult] ([CompetitionID], [ResultID]) VALUES (1,263)
	INSERT [CompetitionResult] ([CompetitionID], [ResultID]) VALUES (12,264)
	INSERT [CompetitionResult] ([CompetitionID], [ResultID]) VALUES (1,265)
	INSERT [CompetitionResult] ([CompetitionID], [ResultID]) VALUES (10,266)
	INSERT [CompetitionResult] ([CompetitionID], [ResultID]) VALUES (2,267)
	INSERT [CompetitionResult] ([CompetitionID], [ResultID]) VALUES (12,268)
	INSERT [CompetitionResult] ([CompetitionID], [ResultID]) VALUES (7,269)
	INSERT [CompetitionResult] ([CompetitionID], [ResultID]) VALUES (13,270)
	INSERT [CompetitionResult] ([CompetitionID], [ResultID]) VALUES (8,271)
	INSERT [CompetitionResult] ([CompetitionID], [ResultID]) VALUES (12,272)
	INSERT [CompetitionResult] ([CompetitionID], [ResultID]) VALUES (12,273)
	INSERT [CompetitionResult] ([CompetitionID], [ResultID]) VALUES (8,274)
	INSERT [CompetitionResult] ([CompetitionID], [ResultID]) VALUES (4,275)
	INSERT [CompetitionResult] ([CompetitionID], [ResultID]) VALUES (10,276)
	INSERT [CompetitionResult] ([CompetitionID], [ResultID]) VALUES (13,277)
	INSERT [CompetitionResult] ([CompetitionID], [ResultID]) VALUES (12,278)
	INSERT [CompetitionResult] ([CompetitionID], [ResultID]) VALUES (10,279)
	INSERT [CompetitionResult] ([CompetitionID], [ResultID]) VALUES (14,280)
	INSERT [CompetitionResult] ([CompetitionID], [ResultID]) VALUES (5,281)
	INSERT [CompetitionResult] ([CompetitionID], [ResultID]) VALUES (3,282)
	INSERT [CompetitionResult] ([CompetitionID], [ResultID]) VALUES (3,283)
	INSERT [CompetitionResult] ([CompetitionID], [ResultID]) VALUES (8,284)
	INSERT [CompetitionResult] ([CompetitionID], [ResultID]) VALUES (1,285)
	INSERT [CompetitionResult] ([CompetitionID], [ResultID]) VALUES (2,286)
	INSERT [CompetitionResult] ([CompetitionID], [ResultID]) VALUES (5,287)
	INSERT [CompetitionResult] ([CompetitionID], [ResultID]) VALUES (9,288)
	INSERT [CompetitionResult] ([CompetitionID], [ResultID]) VALUES (15,289)
	INSERT [CompetitionResult] ([CompetitionID], [ResultID]) VALUES (7,290)
	INSERT [CompetitionResult] ([CompetitionID], [ResultID]) VALUES (7,291)
	INSERT [CompetitionResult] ([CompetitionID], [ResultID]) VALUES (7,292)
	INSERT [CompetitionResult] ([CompetitionID], [ResultID]) VALUES (5,293)
	INSERT [CompetitionResult] ([CompetitionID], [ResultID]) VALUES (6,294)
	INSERT [CompetitionResult] ([CompetitionID], [ResultID]) VALUES (11,295)
	INSERT [CompetitionResult] ([CompetitionID], [ResultID]) VALUES (13,296)
	INSERT [CompetitionResult] ([CompetitionID], [ResultID]) VALUES (6,297)
	INSERT [CompetitionResult] ([CompetitionID], [ResultID]) VALUES (9,298)
	INSERT [CompetitionResult] ([CompetitionID], [ResultID]) VALUES (5,299)
	INSERT [CompetitionResult] ([CompetitionID], [ResultID]) VALUES (4,300)
	INSERT [CompetitionResult] ([CompetitionID], [ResultID]) VALUES (5,301)
	INSERT [CompetitionResult] ([CompetitionID], [ResultID]) VALUES (12,302)
	INSERT [CompetitionResult] ([CompetitionID], [ResultID]) VALUES (5,303)
	INSERT [CompetitionResult] ([CompetitionID], [ResultID]) VALUES (9,304)
	INSERT [CompetitionResult] ([CompetitionID], [ResultID]) VALUES (5,305)
	INSERT [CompetitionResult] ([CompetitionID], [ResultID]) VALUES (12,306)
	INSERT [CompetitionResult] ([CompetitionID], [ResultID]) VALUES (3,307)
	INSERT [CompetitionResult] ([CompetitionID], [ResultID]) VALUES (1,308)
	INSERT [CompetitionResult] ([CompetitionID], [ResultID]) VALUES (8,309)
	INSERT [CompetitionResult] ([CompetitionID], [ResultID]) VALUES (7,310)
	INSERT [CompetitionResult] ([CompetitionID], [ResultID]) VALUES (7,311)
	INSERT [CompetitionResult] ([CompetitionID], [ResultID]) VALUES (5,312)
	INSERT [CompetitionResult] ([CompetitionID], [ResultID]) VALUES (9,313)
	INSERT [CompetitionResult] ([CompetitionID], [ResultID]) VALUES (14,314)
	INSERT [CompetitionResult] ([CompetitionID], [ResultID]) VALUES (8,315)
	INSERT [CompetitionResult] ([CompetitionID], [ResultID]) VALUES (11,316)
	INSERT [CompetitionResult] ([CompetitionID], [ResultID]) VALUES (8,317)
	INSERT [CompetitionResult] ([CompetitionID], [ResultID]) VALUES (9,318)
	INSERT [CompetitionResult] ([CompetitionID], [ResultID]) VALUES (5,319)
	INSERT [CompetitionResult] ([CompetitionID], [ResultID]) VALUES (15,320)
	INSERT [CompetitionResult] ([CompetitionID], [ResultID]) VALUES (14,321)
	INSERT [CompetitionResult] ([CompetitionID], [ResultID]) VALUES (3,322)
	INSERT [CompetitionResult] ([CompetitionID], [ResultID]) VALUES (2,323)
	INSERT [CompetitionResult] ([CompetitionID], [ResultID]) VALUES (14,324)
	INSERT [CompetitionResult] ([CompetitionID], [ResultID]) VALUES (1,325)
	INSERT [CompetitionResult] ([CompetitionID], [ResultID]) VALUES (1,326)
	INSERT [CompetitionResult] ([CompetitionID], [ResultID]) VALUES (9,327)
	INSERT [CompetitionResult] ([CompetitionID], [ResultID]) VALUES (7,328)
	INSERT [CompetitionResult] ([CompetitionID], [ResultID]) VALUES (12,329)
	INSERT [CompetitionResult] ([CompetitionID], [ResultID]) VALUES (4,330)
	INSERT [CompetitionResult] ([CompetitionID], [ResultID]) VALUES (4,331)
	INSERT [CompetitionResult] ([CompetitionID], [ResultID]) VALUES (5,332)
	INSERT [CompetitionResult] ([CompetitionID], [ResultID]) VALUES (8,333)
	INSERT [CompetitionResult] ([CompetitionID], [ResultID]) VALUES (11,334)
	INSERT [CompetitionResult] ([CompetitionID], [ResultID]) VALUES (4,335)
	INSERT [CompetitionResult] ([CompetitionID], [ResultID]) VALUES (14,336)
	INSERT [CompetitionResult] ([CompetitionID], [ResultID]) VALUES (13,337)
	INSERT [CompetitionResult] ([CompetitionID], [ResultID]) VALUES (2,338)
	INSERT [CompetitionResult] ([CompetitionID], [ResultID]) VALUES (8,339)
	INSERT [CompetitionResult] ([CompetitionID], [ResultID]) VALUES (5,340)
	INSERT [CompetitionResult] ([CompetitionID], [ResultID]) VALUES (1,341)
	INSERT [CompetitionResult] ([CompetitionID], [ResultID]) VALUES (11,342)
	INSERT [CompetitionResult] ([CompetitionID], [ResultID]) VALUES (6,343)
	INSERT [CompetitionResult] ([CompetitionID], [ResultID]) VALUES (6,344)
	INSERT [CompetitionResult] ([CompetitionID], [ResultID]) VALUES (13,345)
	INSERT [CompetitionResult] ([CompetitionID], [ResultID]) VALUES (1,346)
	INSERT [CompetitionResult] ([CompetitionID], [ResultID]) VALUES (9,347)
	INSERT [CompetitionResult] ([CompetitionID], [ResultID]) VALUES (7,348)
	INSERT [CompetitionResult] ([CompetitionID], [ResultID]) VALUES (5,349)
	INSERT [CompetitionResult] ([CompetitionID], [ResultID]) VALUES (2,350)
	INSERT [CompetitionResult] ([CompetitionID], [ResultID]) VALUES (10,351)
	INSERT [CompetitionResult] ([CompetitionID], [ResultID]) VALUES (1,352)
	INSERT [CompetitionResult] ([CompetitionID], [ResultID]) VALUES (7,353)
	INSERT [CompetitionResult] ([CompetitionID], [ResultID]) VALUES (7,354)
	INSERT [CompetitionResult] ([CompetitionID], [ResultID]) VALUES (11,355)
	INSERT [CompetitionResult] ([CompetitionID], [ResultID]) VALUES (1,356)
	INSERT [CompetitionResult] ([CompetitionID], [ResultID]) VALUES (15,357)
	INSERT [CompetitionResult] ([CompetitionID], [ResultID]) VALUES (7,358)
	INSERT [CompetitionResult] ([CompetitionID], [ResultID]) VALUES (8,359)
	INSERT [CompetitionResult] ([CompetitionID], [ResultID]) VALUES (3,360)
	INSERT [CompetitionResult] ([CompetitionID], [ResultID]) VALUES (6,361)
	INSERT [CompetitionResult] ([CompetitionID], [ResultID]) VALUES (15,362)
	INSERT [CompetitionResult] ([CompetitionID], [ResultID]) VALUES (11,363)
	INSERT [CompetitionResult] ([CompetitionID], [ResultID]) VALUES (7,364)
	INSERT [CompetitionResult] ([CompetitionID], [ResultID]) VALUES (3,365)
	INSERT [CompetitionResult] ([CompetitionID], [ResultID]) VALUES (3,366)
	INSERT [CompetitionResult] ([CompetitionID], [ResultID]) VALUES (3,367)
	INSERT [CompetitionResult] ([CompetitionID], [ResultID]) VALUES (13,368)
	INSERT [CompetitionResult] ([CompetitionID], [ResultID]) VALUES (5,369)
	INSERT [CompetitionResult] ([CompetitionID], [ResultID]) VALUES (10,370)
	INSERT [CompetitionResult] ([CompetitionID], [ResultID]) VALUES (1,371)
	INSERT [CompetitionResult] ([CompetitionID], [ResultID]) VALUES (6,372)
	INSERT [CompetitionResult] ([CompetitionID], [ResultID]) VALUES (7,373)
	INSERT [CompetitionResult] ([CompetitionID], [ResultID]) VALUES (14,374)
	INSERT [CompetitionResult] ([CompetitionID], [ResultID]) VALUES (5,375)
	INSERT [CompetitionResult] ([CompetitionID], [ResultID]) VALUES (1,376)
	INSERT [CompetitionResult] ([CompetitionID], [ResultID]) VALUES (7,377)
	INSERT [CompetitionResult] ([CompetitionID], [ResultID]) VALUES (3,378)
	INSERT [CompetitionResult] ([CompetitionID], [ResultID]) VALUES (2,379)
	INSERT [CompetitionResult] ([CompetitionID], [ResultID]) VALUES (3,380)
	INSERT [CompetitionResult] ([CompetitionID], [ResultID]) VALUES (12,381)
	INSERT [CompetitionResult] ([CompetitionID], [ResultID]) VALUES (12,382)
	INSERT [CompetitionResult] ([CompetitionID], [ResultID]) VALUES (9,383)
	INSERT [CompetitionResult] ([CompetitionID], [ResultID]) VALUES (15,384)
	INSERT [CompetitionResult] ([CompetitionID], [ResultID]) VALUES (11,385)
	INSERT [CompetitionResult] ([CompetitionID], [ResultID]) VALUES (1,386)
	INSERT [CompetitionResult] ([CompetitionID], [ResultID]) VALUES (14,387)
	INSERT [CompetitionResult] ([CompetitionID], [ResultID]) VALUES (7,388)
	INSERT [CompetitionResult] ([CompetitionID], [ResultID]) VALUES (15,389)
	INSERT [CompetitionResult] ([CompetitionID], [ResultID]) VALUES (9,390)
	INSERT [CompetitionResult] ([CompetitionID], [ResultID]) VALUES (14,391)
	INSERT [CompetitionResult] ([CompetitionID], [ResultID]) VALUES (10,392)
	INSERT [CompetitionResult] ([CompetitionID], [ResultID]) VALUES (14,393)
	INSERT [CompetitionResult] ([CompetitionID], [ResultID]) VALUES (10,394)
	INSERT [CompetitionResult] ([CompetitionID], [ResultID]) VALUES (6,395)
	INSERT [CompetitionResult] ([CompetitionID], [ResultID]) VALUES (8,396)
	INSERT [CompetitionResult] ([CompetitionID], [ResultID]) VALUES (8,397)
	INSERT [CompetitionResult] ([CompetitionID], [ResultID]) VALUES (11,398)
	INSERT [CompetitionResult] ([CompetitionID], [ResultID]) VALUES (9,399)
	INSERT [CompetitionResult] ([CompetitionID], [ResultID]) VALUES (11,400)
	INSERT [CompetitionResult] ([CompetitionID], [ResultID]) VALUES (2,401)
	INSERT [CompetitionResult] ([CompetitionID], [ResultID]) VALUES (12,402)
	INSERT [CompetitionResult] ([CompetitionID], [ResultID]) VALUES (3,403)
	INSERT [CompetitionResult] ([CompetitionID], [ResultID]) VALUES (15,404)
	INSERT [CompetitionResult] ([CompetitionID], [ResultID]) VALUES (1,405)
	INSERT [CompetitionResult] ([CompetitionID], [ResultID]) VALUES (10,406)
	INSERT [CompetitionResult] ([CompetitionID], [ResultID]) VALUES (8,407)
	INSERT [CompetitionResult] ([CompetitionID], [ResultID]) VALUES (9,408)
	INSERT [CompetitionResult] ([CompetitionID], [ResultID]) VALUES (8,409)
	INSERT [CompetitionResult] ([CompetitionID], [ResultID]) VALUES (3,410)
	INSERT [CompetitionResult] ([CompetitionID], [ResultID]) VALUES (8,411)
	INSERT [CompetitionResult] ([CompetitionID], [ResultID]) VALUES (10,412)
	INSERT [CompetitionResult] ([CompetitionID], [ResultID]) VALUES (4,413)
	INSERT [CompetitionResult] ([CompetitionID], [ResultID]) VALUES (9,414)
	INSERT [CompetitionResult] ([CompetitionID], [ResultID]) VALUES (3,415)
	INSERT [CompetitionResult] ([CompetitionID], [ResultID]) VALUES (15,416)
	INSERT [CompetitionResult] ([CompetitionID], [ResultID]) VALUES (6,417)
	INSERT [CompetitionResult] ([CompetitionID], [ResultID]) VALUES (7,418)
	INSERT [CompetitionResult] ([CompetitionID], [ResultID]) VALUES (13,419)
	INSERT [CompetitionResult] ([CompetitionID], [ResultID]) VALUES (2,420)
	INSERT [CompetitionResult] ([CompetitionID], [ResultID]) VALUES (6,421)
	INSERT [CompetitionResult] ([CompetitionID], [ResultID]) VALUES (14,422)
	INSERT [CompetitionResult] ([CompetitionID], [ResultID]) VALUES (1,423)
	INSERT [CompetitionResult] ([CompetitionID], [ResultID]) VALUES (9,424)
	INSERT [CompetitionResult] ([CompetitionID], [ResultID]) VALUES (3,425)
	INSERT [CompetitionResult] ([CompetitionID], [ResultID]) VALUES (3,426)
	INSERT [CompetitionResult] ([CompetitionID], [ResultID]) VALUES (6,427)
	INSERT [CompetitionResult] ([CompetitionID], [ResultID]) VALUES (12,428)
	INSERT [CompetitionResult] ([CompetitionID], [ResultID]) VALUES (4,429)
	INSERT [CompetitionResult] ([CompetitionID], [ResultID]) VALUES (5,430)
	INSERT [CompetitionResult] ([CompetitionID], [ResultID]) VALUES (3,431)
	INSERT [CompetitionResult] ([CompetitionID], [ResultID]) VALUES (13,432)
	INSERT [CompetitionResult] ([CompetitionID], [ResultID]) VALUES (4,433)
	INSERT [CompetitionResult] ([CompetitionID], [ResultID]) VALUES (10,434)
	INSERT [CompetitionResult] ([CompetitionID], [ResultID]) VALUES (1,435)
	INSERT [CompetitionResult] ([CompetitionID], [ResultID]) VALUES (6,436)
	INSERT [CompetitionResult] ([CompetitionID], [ResultID]) VALUES (14,437)
	INSERT [CompetitionResult] ([CompetitionID], [ResultID]) VALUES (9,438)
	INSERT [CompetitionResult] ([CompetitionID], [ResultID]) VALUES (7,439)
	INSERT [CompetitionResult] ([CompetitionID], [ResultID]) VALUES (11,440)
	INSERT [CompetitionResult] ([CompetitionID], [ResultID]) VALUES (13,441)
	INSERT [CompetitionResult] ([CompetitionID], [ResultID]) VALUES (11,442)
	INSERT [CompetitionResult] ([CompetitionID], [ResultID]) VALUES (6,443)
	INSERT [CompetitionResult] ([CompetitionID], [ResultID]) VALUES (9,444)
	INSERT [CompetitionResult] ([CompetitionID], [ResultID]) VALUES (9,445)
	INSERT [CompetitionResult] ([CompetitionID], [ResultID]) VALUES (15,446)
	INSERT [CompetitionResult] ([CompetitionID], [ResultID]) VALUES (14,447)
	INSERT [CompetitionResult] ([CompetitionID], [ResultID]) VALUES (1,448)
	INSERT [CompetitionResult] ([CompetitionID], [ResultID]) VALUES (4,449)
	INSERT [CompetitionResult] ([CompetitionID], [ResultID]) VALUES (15,450)
	INSERT [CompetitionResult] ([CompetitionID], [ResultID]) VALUES (12,451)
	INSERT [CompetitionResult] ([CompetitionID], [ResultID]) VALUES (15,452)
	INSERT [CompetitionResult] ([CompetitionID], [ResultID]) VALUES (9,453)
	INSERT [CompetitionResult] ([CompetitionID], [ResultID]) VALUES (13,454)
	INSERT [CompetitionResult] ([CompetitionID], [ResultID]) VALUES (1,455)
	INSERT [CompetitionResult] ([CompetitionID], [ResultID]) VALUES (7,456)
	INSERT [CompetitionResult] ([CompetitionID], [ResultID]) VALUES (15,457)
	INSERT [CompetitionResult] ([CompetitionID], [ResultID]) VALUES (8,458)
	INSERT [CompetitionResult] ([CompetitionID], [ResultID]) VALUES (14,459)
	INSERT [CompetitionResult] ([CompetitionID], [ResultID]) VALUES (6,460)
	INSERT [CompetitionResult] ([CompetitionID], [ResultID]) VALUES (10,461)
	INSERT [CompetitionResult] ([CompetitionID], [ResultID]) VALUES (15,462)
	INSERT [CompetitionResult] ([CompetitionID], [ResultID]) VALUES (14,463)
	INSERT [CompetitionResult] ([CompetitionID], [ResultID]) VALUES (12,464)
	INSERT [CompetitionResult] ([CompetitionID], [ResultID]) VALUES (4,465)
	INSERT [CompetitionResult] ([CompetitionID], [ResultID]) VALUES (2,466)
	INSERT [CompetitionResult] ([CompetitionID], [ResultID]) VALUES (2,467)
	INSERT [CompetitionResult] ([CompetitionID], [ResultID]) VALUES (7,468)
	INSERT [CompetitionResult] ([CompetitionID], [ResultID]) VALUES (1,469)
	INSERT [CompetitionResult] ([CompetitionID], [ResultID]) VALUES (15,470)
	INSERT [CompetitionResult] ([CompetitionID], [ResultID]) VALUES (7,471)
	INSERT [CompetitionResult] ([CompetitionID], [ResultID]) VALUES (3,472)
	INSERT [CompetitionResult] ([CompetitionID], [ResultID]) VALUES (14,473)
	INSERT [CompetitionResult] ([CompetitionID], [ResultID]) VALUES (3,474)
	INSERT [CompetitionResult] ([CompetitionID], [ResultID]) VALUES (11,475)
	INSERT [CompetitionResult] ([CompetitionID], [ResultID]) VALUES (9,476)
	INSERT [CompetitionResult] ([CompetitionID], [ResultID]) VALUES (4,477)
	INSERT [CompetitionResult] ([CompetitionID], [ResultID]) VALUES (8,478)
	INSERT [CompetitionResult] ([CompetitionID], [ResultID]) VALUES (14,479)
	INSERT [CompetitionResult] ([CompetitionID], [ResultID]) VALUES (13,480)
	INSERT [CompetitionResult] ([CompetitionID], [ResultID]) VALUES (11,481)
	INSERT [CompetitionResult] ([CompetitionID], [ResultID]) VALUES (3,482)
	INSERT [CompetitionResult] ([CompetitionID], [ResultID]) VALUES (10,483)
	INSERT [CompetitionResult] ([CompetitionID], [ResultID]) VALUES (10,484)
	INSERT [CompetitionResult] ([CompetitionID], [ResultID]) VALUES (10,485)
	INSERT [CompetitionResult] ([CompetitionID], [ResultID]) VALUES (12,486)
	INSERT [CompetitionResult] ([CompetitionID], [ResultID]) VALUES (3,487)
	INSERT [CompetitionResult] ([CompetitionID], [ResultID]) VALUES (5,488)
	INSERT [CompetitionResult] ([CompetitionID], [ResultID]) VALUES (4,489)
	INSERT [CompetitionResult] ([CompetitionID], [ResultID]) VALUES (2,490)
	INSERT [CompetitionResult] ([CompetitionID], [ResultID]) VALUES (15,491)
	INSERT [CompetitionResult] ([CompetitionID], [ResultID]) VALUES (13,492)
	INSERT [CompetitionResult] ([CompetitionID], [ResultID]) VALUES (11,493)
	INSERT [CompetitionResult] ([CompetitionID], [ResultID]) VALUES (5,494)
	INSERT [CompetitionResult] ([CompetitionID], [ResultID]) VALUES (12,495)
	INSERT [CompetitionResult] ([CompetitionID], [ResultID]) VALUES (10,496)
	INSERT [CompetitionResult] ([CompetitionID], [ResultID]) VALUES (4,497)
	INSERT [CompetitionResult] ([CompetitionID], [ResultID]) VALUES (15,498)
	INSERT [CompetitionResult] ([CompetitionID], [ResultID]) VALUES (13,499)
	INSERT [CompetitionResult] ([CompetitionID], [ResultID]) VALUES (12,500)


	INSERT [CompetitionCity] ([CompetitionID], [CityId]) VALUES (1, 22)
	INSERT [CompetitionCity] ([CompetitionID], [CityId]) VALUES (1, 1)
	INSERT [CompetitionCity] ([CompetitionID], [CityId]) VALUES (2, 8)
	INSERT [CompetitionCity] ([CompetitionID], [CityId]) VALUES (2, 6)
	INSERT [CompetitionCity] ([CompetitionID], [CityId]) VALUES (2, 2)
	INSERT [CompetitionCity] ([CompetitionID], [CityId]) VALUES (2, 1)
	INSERT [CompetitionCity] ([CompetitionID], [CityId]) VALUES (3, 23)
	INSERT [CompetitionCity] ([CompetitionID], [CityId]) VALUES (3, 21)
	INSERT [CompetitionCity] ([CompetitionID], [CityId]) VALUES (4, 26)
	INSERT [CompetitionCity] ([CompetitionID], [CityId]) VALUES (4, 21)
	INSERT [CompetitionCity] ([CompetitionID], [CityId]) VALUES (5, 2)
	INSERT [CompetitionCity] ([CompetitionID], [CityId]) VALUES (5, 15)
	INSERT [CompetitionCity] ([CompetitionID], [CityId]) VALUES (5, 25)
	INSERT [CompetitionCity] ([CompetitionID], [CityId]) VALUES (6, 24)
	INSERT [CompetitionCity] ([CompetitionID], [CityId]) VALUES (6, 23)
	INSERT [CompetitionCity] ([CompetitionID], [CityId]) VALUES (7, 15)
	INSERT [CompetitionCity] ([CompetitionID], [CityId]) VALUES (8, 25)
	INSERT [CompetitionCity] ([CompetitionID], [CityId]) VALUES (9, 10)
	INSERT [CompetitionCity] ([CompetitionID], [CityId]) VALUES (9, 15)
	INSERT [CompetitionCity] ([CompetitionID], [CityId]) VALUES (9, 17)
	INSERT [CompetitionCity] ([CompetitionID], [CityId]) VALUES (10, 5)
	INSERT [CompetitionCity] ([CompetitionID], [CityId]) VALUES (10, 20)
	INSERT [CompetitionCity] ([CompetitionID], [CityId]) VALUES (11, 6)
	INSERT [CompetitionCity] ([CompetitionID], [CityId]) VALUES (11, 3)
	INSERT [CompetitionCity] ([CompetitionID], [CityId]) VALUES (12, 4)
	INSERT [CompetitionCity] ([CompetitionID], [CityId]) VALUES (12, 9)
	INSERT [CompetitionCity] ([CompetitionID], [CityId]) VALUES (13, 3)
	INSERT [CompetitionCity] ([CompetitionID], [CityId]) VALUES (13, 7)
	INSERT [CompetitionCity] ([CompetitionID], [CityId]) VALUES (14, 23)
	INSERT [CompetitionCity] ([CompetitionID], [CityId]) VALUES (14, 21)
	INSERT [CompetitionCity] ([CompetitionID], [CityId]) VALUES (15, 4)
	INSERT [CompetitionCity] ([CompetitionID], [CityId]) VALUES (15, 2)
	INSERT [CompetitionCity] ([CompetitionID], [CityId]) VALUES (15, 12)
	INSERT [CompetitionCity] ([CompetitionID], [CityId]) VALUES (15, 8)
	INSERT [CompetitionCity] ([CompetitionID], [CityId]) VALUES (15, 27)